#OTU ID	SRS013950	SRS014107	SRS014477	SRS014691	SRS063215	SRS015803	SRS016575	SRS023841	SRS047100	SRS051378
k__Bacteria	28293689	11784578	11592657	27794655	26145985	63147964	66622189	31702457	50100051	22808930
p__Bacteroidetes	10503353	4412867	3352996	10176203	4964604	10549871	20431240	9092550	1695977	4019532
p__Firmicutes	4946555	728015	1496857	9580268	3535734	3165563	6662232	4480369	2341291	2925790
p__Proteobacteria	2950353	2122848	1186519	824238	1341259	25176215	14090173	6207991	16544600	6064506
p__Actinobacteria	4958395	2222261	3205087	2188566	11334547	22865398	17084274	6871885	29306220	7629418
c__Bacteroidia	8147589	3030223	1453213	8637949	3343317	1582760	5091448	1512394	912808	800562
c__Clostridia	1389135	343509	850702	4461607	381262	359426	1094103	284767	15506	61205
c__Betaproteobacteria	1115218	623561	439100	37410	761330	15472243	6279721	3531004	14781319	1224109
c__Negativicutes	2489149	205281	95555	3076907	1943739	89803	2848412	2933235	816190	1281200
c__Actinobacteria	4958395	2222261	3205087	2188566	11334547	22865398	17084274	6871885	29306220	7629418
c__Bacilli	1066952	179045	548533	1633698	1205909	2706459	2666740	1251033	1509600	1583385
c__Gammaproteobacteria	1411583	1011197	606564	154762	364147	8839616	5977636	1742995	1687390	4562749
c__Erysipelotrichia	1318	178	2067	408053	4824	9876	52985	11330	0	0
o__Bacteroidales	8147589	3030223	1453213	8637949	3343317	1582760	5091448	1512394	912808	800562
o__Clostridiales	1389135	343509	850702	4461607	381262	359426	1094103	284767	15506	61205
o__Burkholderiales	117563	121256	55514	0	2803	34296	330679	1373452	671586	332435
o__Selenomonadales	2489149	205281	95555	3076907	1943739	89803	2848412	2933235	816190	1281200
o__Coriobacteriales	79734	32118	246	152315	39264	1604	114637	15759	8011	0
o__Lactobacillales	1004318	171778	501270	1360703	1171707	2193198	2418126	1230163	1354856	1394893
o__Pasteurellales	1248193	423419	412026	122412	203506	7354711	3869437	955588	1572936	4379928
o__Erysipelotrichales	1318	178	2067	408053	4824	9876	52985	11330	0	0
f__Bacteroidaceae	0	34887	0	0	1618	0	0	18105	0	0
f__Porphyromonadaceae	279468	160230	426755	2320593	1115617	776897	1895728	315065	616596	491260
f__Ruminococcaceae	0	4478	694	0	0	0	0	0	0	0
f__Lachnospiraceae	480919	251283	67470	164043	288840	42524	618041	218471	2255	28500
f__Eubacteriaceae	326068	25178	363889	1867836	9815	73397	49054	0	85	8340
f__Veillonellaceae	2489149	205281	95555	3076907	1943739	89803	2848412	2933235	816190	1281200
f__Coriobacteriaceae	79734	32118	246	152315	39264	1604	114637	15759	8011	0
f__Streptococcaceae	942644	170842	496778	1245757	1028359	1818554	2298019	1132776	1086855	1110137
f__Pasteurellaceae	1248193	423419	412026	122412	203506	7354711	3869437	955588	1572936	4379928
f__Erysipelotrichaceae	1318	178	2067	408053	4824	9876	52985	11330	0	0
f__Prevotellaceae	7868121	2833047	1026458	6317356	2226078	805863	3195720	1179224	296212	309304
g__Bacteroides	0	34887	0	0	1618	0	0	18105	0	0
g__Subdoligranulum	0	4478	694	0	0	0	0	0	0	0
g__Eubacterium	325556	25178	311127	1798094	9815	73397	49054	0	0	8340
g__Lachnospiraceae_noname	535	18429	0	7070	25006	15174	98754	336	536	1794
g__Veillonella	1276405	52995	29932	2212886	1115719	55652	1128666	1288454	719908	1160522
g__Dialister	398435	49098	15736	558386	77349	625	394024	253940	2189	842
g__Streptococcus	942644	170842	496778	1245757	1028359	1818554	2298019	1132776	1086855	1110137
g__Slackia	124	0	154	2542	2505	0	7668	139	0	0
g__Haemophilus	550230	373559	300834	105704	169118	6706958	2411550	790491	1433944	4122198
g__Prevotella	5013237	1741582	1006390	4470412	976631	231103	3044281	1151126	127490	307257
s__Bacteroides_ovatus	0	12430	0	0	0	0	0	9685	0	0
s__Subdoligranulum_unclassified	0	4478	694	0	0	0	0	0	0	0
s__Dialister_invisus	398435	49098	15736	558386	77349	625	394024	253940	2189	842
s__Streptococcus_parasanguinis	0	0	0	69572	805	51	0	1214	2941	17310
s__Haemophilus_parainfluenzae	545519	359555	249559	81398	166822	6423076	2391890	783063	1383573	4111455
s__Veillonella_unclassified	533814	10147	2358	1206289	156066	32010	843810	41248	307058	760803
s__Veillonella_parvula	742308	42849	27574	451367	954118	23643	284777	1245723	224754	393213
s__Veillonella_atypica	0	0	0	2754	722	0	0	114	481	5889
s__Streptococcus_salivarius	85	0	0	2325	1632	0	47	1496	1438	931
s__Veillonella_dispar	283	0	0	7928	4811	0	80	1373	827	618
t__Bacteroides_ovatus_unclassified	0	12430	0	0	0	0	0	9685	0	0
t__GCF_000160055	398435	49098	15736	558386	77349	625	394024	253940	2189	842
t__Streptococcus_parasanguinis_unclassified	0	0	0	69572	805	51	0	1214	2941	17310
t__Haemophilus_parainfluenzae_unclassified	545519	359555	249559	81398	166822	6423076	2391890	783063	1383573	4111455
t__Veillonella_parvula_unclassified	742308	42849	27574	451367	954118	23643	284777	1245723	224754	393213
t__Veillonella_atypica_unclassified	0	0	0	2754	722	0	0	114	481	5889
t__Streptococcus_salivarius_unclassified	85	0	0	2325	1632	0	47	1496	1438	931
t__GCF_000160015	283	0	0	7928	4811	0	80	1373	827	618
k__Viruses	0	0	0	50832	478	0	0	0	0	9173
p__Viruses_noname	0	0	0	50832	478	0	0	0	0	9173
c__Viruses_noname	0	0	0	50832	478	0	0	0	0	9173
o__Enterobacteriales	0	11848	0	0	0	0	0	0	797	0
f__Enterobacteriaceae	0	11848	0	0	0	0	0	0	797	0
f__Carnobacteriaceae	51885	0	4492	104668	141554	160270	120106	88567	132920	130086
g__Escherichia	0	11848	0	0	0	0	0	0	797	0
g__Granulicatella	51885	0	4492	104668	141554	160270	120106	88567	132920	130086
s__Bacteroides_dorei	0	16491	0	0	0	0	0	241	0	0
s__Streptococcus_infantis	1369	0	0	4606	0	139709	26236	1293	14258	67046
s__Streptococcus_australis	0	13586	0	0	0	17012	18961	434	3322	9736
s__Streptococcus_mitis_oralis_pneumoniae	32425	61041	196506	106729	8477	11316	26715	33592	68186	108658
t__Bacteroides_dorei_unclassified	0	16491	0	0	0	0	0	241	0	0
t__Streptococcus_infantis_unclassified	1369	0	0	4606	0	139709	26236	1293	14258	67046
t__Streptococcus_australis_unclassified	0	13586	0	0	0	17012	18961	434	3322	9736
t__Streptococcus_mitis_oralis_pneumoniae_unclassified	32425	61041	196506	106729	8477	11316	26715	33592	68186	108658
p__Fusobacteria	2992887	523226	1003378	3234665	4647377	1372268	4756658	4964415	208977	421998
c__Fusobacteriia	2992887	523226	1003378	3234665	4647377	1372268	4756658	4964415	208977	421998
c__Epsilonproteobacteria	421273	488090	140855	630260	215782	864350	1832816	933992	75892	277648
c__Flavobacteriia	2306267	544517	922098	1392703	1621287	8927581	15226615	7580156	783169	3130890
o__Actinomycetales	4878050	2190143	3204841	2033250	11294150	22863788	16969638	6856126	29282818	7629418
o__Bacillales	62634	7268	47263	272994	34202	513260	248614	20870	154744	188489
o__Fusobacteriales	2992887	523226	1003378	3234665	4647377	1372268	4756658	4964415	208977	421998
o__Campylobacterales	421273	488090	140855	630260	215782	864350	1832816	933992	75892	277648
o__Caudovirales	0	0	0	46446	478	0	0	0	0	9173
o__Neisseriales	993674	502303	383586	35626	758530	15434385	5946976	2157549	14098345	891674
o__Flavobacteriales	2306267	544517	922098	1392703	1621287	8927581	15226615	7580156	783169	3130890
o__Cardiobacteriales	163393	575929	194538	32351	160641	1484912	2108199	787407	113657	182821
o__Bifidobacteriales	611	0	0	3002	1132	0	0	0	15391	0
f__Micrococcaceae	166837	446248	1872194	891253	1326645	19114712	1222697	3704378	8240441	4794804
f__Actinomycetaceae	3239978	552204	554761	769507	2710714	1739802	5554339	2369388	10325059	1193569
f__Bacillales_noname	62634	7268	47263	272994	34202	513260	248614	20870	154744	188489
f__Campylobacteraceae	421273	488090	140855	630260	215782	864350	1832816	933992	75892	277648
f__Leptotrichiaceae	181266	78844	36679	208975	2806198	334482	2531650	1571393	94809	132067
f__Fusobacteriaceae	2811620	444383	966698	3025691	1841179	1037780	2225008	3393022	114168	289931
f__Neisseriaceae	993674	502303	383586	35626	758530	15434385	5946976	2157549	14098345	891674
f__Flavobacteriaceae	2306267	544517	922098	1392703	1621287	8927581	15226615	7580156	783169	3130890
f__Brevibacteriaceae	0	4032	0	0	0	0	0	0	1608	0
f__Corynebacteriaceae	971614	1162711	730108	372486	7095852	1765541	9853795	353130	10487409	1045078
f__Cardiobacteriaceae	163393	575929	194538	32351	160641	1484912	2108199	787407	113657	182821
f__Burkholderiaceae	115829	121256	55514	0	2188	34296	328594	1366122	671586	331777
f__Dermatophilaceae	0	0	0	0	0	1610	0	2038	0	0
f__Bifidobacteriaceae	611	0	0	3002	1132	0	0	0	15391	0
f__Peptostreptococcaceae	98776	19948	68976	415015	39254	160036	260992	54503	9038	16637
f__Aerococcaceae	9374	936	0	10275	1796	214375	0	8820	135080	154673
g__Rothia	166837	446248	1872194	891253	1326645	19114712	1222697	3704378	8240441	4794804
g__Actinomyces	439477	552204	512674	769507	1590905	1573521	5545071	904756	10030070	1189124
g__Gemella	62634	7268	47263	272994	34202	513260	248614	20870	154744	188489
g__Oribacterium	211133	187311	0	48173	38969	0	53844	8569	0	1949
g__Megasphaera	21752	0	0	50528	0	0	27855	42821	4068	0
g__Campylobacter	421273	488090	140855	630260	215782	864350	1832816	933992	75892	277648
g__Atopobium	64521	4729	0	149773	36610	1604	100493	15017	8011	0
g__Fusobacterium	2811620	444383	966698	3025691	1841179	1037780	2225008	3393022	114168	289931
g__Stomatobaculum	28396	0	0	4759	59781	0	53904	0	1648	0
g__Leptotrichia	181266	54871	25277	122027	1925269	287784	1371664	713813	53853	25782
g__Leptotrichiaceae_unclassified	0	23972	11403	86948	880929	46698	1159979	857583	40957	106287
g__Porphyromonas	261425	150714	157331	2018032	896764	775994	1895728	315065	616596	490487
g__Solobacterium	0	178	1144	60252	4322	9876	52985	11330	0	0
g__Neisseria	817509	410755	217209	4611	201615	12282146	3861669	1121757	13252786	651696
g__Capnocytophaga	2256965	524845	922098	1389952	1608609	8644590	15110206	7533518	723480	3080506
g__Kingella	73682	0	15789	10888	435624	2794967	449087	509024	771155	119836
g__Brevibacterium	0	4032	0	0	0	0	0	0	1608	0
g__Actinobacillus	10500	0	0	0	630	6271	34051	4071	11693	20320
g__Actinobaculum	2800501	0	42087	0	1119809	166281	9267	1464631	294989	4445
g__Riemerella	49302	19672	0	2751	12678	282991	116409	46637	59689	50387
g__Corynebacterium	971614	1162711	730108	372486	7095852	1765541	9853795	353130	10487409	1045078
g__Cardiobacterium	125604	575929	121213	32351	109920	1484912	1549845	787407	113657	176585
g__Lautropia	115829	121256	55514	0	2188	34296	328594	1366122	671586	331777
g__Aggregatibacter	685106	49859	111192	16705	33758	640996	1423836	161026	127294	237411
g__Dermatophilaceae_unclassified	0	0	0	0	0	1610	0	2038	0	0
g__Lachnoanaerobaculum	23192	0	0	68712	135146	0	218761	209566	0	0
g__Abiotrophia	9374	936	0	10275	1796	214375	0	8820	135080	154673
g__Bulleidia	1318	0	924	335193	502	0	0	0	0	0
g__Filifactor	0	0	26061	262558	0	0	0	0	0	0
g__Alloprevotella	2854887	1091465	20069	1846944	1249448	574754	151439	28098	168727	2045
g__Selenomonas	232413	46100	41172	42804	720186	31422	1194749	1317434	88186	115722
g__Peptostreptococcus	0	0	0	86079	9120	6504	12332	2993	0	370
s__Rothia_mucilaginosa	3361	106428	0	2793	779	23314	1486	1804	16548	65397
s__Prevotella_melaninogenica	1440	0	5563	224613	35005	423	8008	1068	31423	7459
s__Gemella_sanguinis	0	0	0	1548	0	5241	4084	0	185	27062
s__Prevotella_salivae	0	0	0	2041	44679	0	11799	0	0	0
s__Oribacterium_sinus	0	0	0	0	3075	0	0	0	0	1949
s__Prevotella_nanceiensis	4434	0	0	326	112	24514	0	3047	1583	12262
s__Granulicatella_adiacens	50666	0	1152	71014	141421	147785	119347	88567	103557	111822
s__Megasphaera_micronuciformis	0	0	0	50528	0	0	27855	42821	4068	0
s__Campylobacter_concisus	3709	0	1745	5722	12522	2235	31899	26751	4534	8632
s__Atopobium_parvulum	16068	0	0	94661	28385	0	37182	6312	7781	0
s__Fusobacterium_periodonticum	41091	20015	105	24785	3441	156443	70566	36090	8091	34179
s__Stomatobaculum_longum	28396	0	0	4759	59781	0	53904	0	1648	0
s__Actinomyces_odontolyticus	108	59914	0	1353	11834	13368	6822	2590	178667	263978
s__Porphyromonas_sp_oral_taxon_279	56969	0	0	0	762520	260435	1748946	0	578455	481339
s__Prevotella_pallens	0	0	0	278686	0	0	0	637	0	0
s__Solobacterium_moorei	0	178	1144	60252	4322	9876	52985	11330	0	0
s__Streptococcus_sanguinis	194488	91143	131515	313869	231883	1571140	1807773	1009435	756952	765449
s__Streptococcus_peroris	0	0	0	4235	0	0	0	0	2976	0
s__Streptococcus_vestibularis	0	0	61949	15449	0	0	0	10681	0	0
s__Leptotrichia_sp_oral_taxon_215	0	0	0	0	191358	214533	398594	0	0	0
s__Neisseria_unclassified	376753	0	0	4611	0	8245425	314217	381881	8209610	0
s__Capnocytophaga_unclassified	556384	501818	478937	365127	191238	1454266	7522558	1864412	525169	1730714
s__Lachnospiraceae_bacterium_ICM7	535	0	0	891	735	4686	82945	336	536	1794
s__Leptotrichia_wadei	16914	1407	814	15254	381519	0	145210	15671	2505	573
s__Lachnospiraceae_bacterium_oral_taxon_082	0	0	0	5875	233	0	4151	0	0	0
s__Rothia_dentocariosa	57003	129507	1332037	884593	1053245	18757181	632251	1469196	3662750	3231142
s__Kingella_oralis	73682	0	15789	7652	289750	326917	449087	509024	207960	119836
s__Haemophilus_sputorum	0	0	0	0	0	328	4344	1759	0	4116
s__Brevibacterium_unclassified	0	4032	0	0	0	0	0	0	1608	0
s__Actinobacillus_unclassified	10500	0	0	0	630	6271	34051	4071	11693	20320
s__Fusobacterium_nucleatum	2770529	424369	966593	3000905	1837738	881337	2154442	3356929	106072	255752
s__Haemophilus_influenzae	886	4859	24122	9804	557	0	906	1173	0	0
s__Gemella_haemolysans	7588	4569	17998	192454	4390	279120	5063	875	110320	108525
s__Haemophilus_haemolyticus	3825	9146	27152	12695	1739	282846	5030	4492	50371	6624
s__Prevotella_nigrescens	1630548	8909	55812	1145037	242090	196	866108	241975	0	28333
s__Leptotrichia_shahii	453	0	0	2787	4021	0	22891	4096	120	0
s__Rothia_aeria	106472	210315	540158	3868	272621	334223	588960	2233378	4561144	1498266
s__Leptotrichia_unclassified	0	49993	19139	93539	1044823	0	199980	656130	39960	14887
s__Actinobaculum_unclassified	0	0	0	0	0	0	9267	0	0	4445
s__Neisseria_subflava	0	0	0	0	0	19639	7568	510	3602	559
s__Streptococcus_mutans	249	0	55662	250323	550035	0	0	0	24935	0
s__Kingella_unclassified	0	0	0	2893	0	721958	0	0	0	0
s__Capnocytophaga_gingivalis	251302	18297	154145	271644	566576	3815968	1767647	2754386	140596	615913
s__Capnocytophaga_granulosa	12398	3570	43848	6271	22021	175318	1857160	135103	2816	79959
s__Actinomyces_viscosus	52236	30762	13209	724122	21900	216193	780512	40725	765288	61661
s__Riemerella_unclassified	49302	19672	0	2751	12678	282991	116409	46637	59689	50387
s__Streptococcus_intermedius	335125	0	26457	305504	39520	29408	173318	73638	98196	66360
s__Streptococcus_gordonii	29154	2306	1966	20107	182887	40061	1479	0	39138	59781
s__Streptococcus_cristatus	5285	2767	20162	13731	3883	170	190153	0	9188	2277
s__Corynebacterium_durum	62274	308607	28121	0	946434	1129919	166915	72656	3439414	82533
s__Cardiobacterium_hominis	55744	564066	59133	31510	79611	1455643	1424709	787407	113657	134273
s__Neisseria_flavescens	0	0	0	0	0	175141	1859692	4993	282830	36917
s__Actinomyces_oris	154701	141477	38653	38062	127378	631568	504257	41727	3497530	468399
s__Prevotella_pleuritidis	623200	860046	79591	1429139	0	58633	0	0	0	15500
s__Lautropia_mirabilis	115829	121256	55514	0	2188	34296	328594	1366122	671586	331777
s__Aggregatibacter_unclassified	0	10534	0	0	33758	0	0	0	0	52669
s__Prevotella_oris	1010164	429219	161332	594312	72936	0	781751	362020	87430	6722
s__Streptococcus_constellatus	0	0	0	498	0	1377	0	0	0	0
s__Lachnoanaerobaculum_saburreum	23192	0	0	68712	135146	0	218761	209566	0	0
s__Abiotrophia_defectiva	9374	936	0	10275	1796	214375	0	8820	135080	154673
s__Leptotrichia_hofstadii	3644	0	1873	7181	96865	0	128374	37780	2194	1098
s__Bulleidia_extructa	1318	0	924	335193	502	0	0	0	0	0
s__Filifactor_alocis	0	0	26061	262558	0	0	0	0	0	0
s__Leptotrichia_buccalis	55993	3472	1710	3266	22750	1055	63351	136	0	9223
s__Alloprevotella_unclassified	0	0	9942	0	0	0	0	28098	0	2045
s__Selenomonas_flueggei	4360	0	0	3085	1085	0	13544	5022	0	0
s__Granulicatella_elegans	1219	0	3260	33654	131	12478	766	0	29364	18264
s__Gemella_morbillorum	55045	2535	29266	78992	29812	228899	239467	19995	44238	51569
s__Peptostreptococcus_unclassified	0	0	0	0	0	0	0	384	0	370
s__Peptostreptococcus_stomatis	0	0	0	86079	9120	6504	12332	2609	0	0
s__Actinomyces_naeslundii	95330	135313	10986	370	159540	105887	644376	349000	193972	62079
s__Aggregatibacter_segnis	51523	4108	8219	0	0	427707	46149	161026	28672	184742
t__Rothia_mucilaginosa_unclassified	3361	106428	0	2793	779	23314	1486	1804	16548	65397
t__Prevotella_melaninogenica_unclassified	1440	0	5563	224613	35005	423	8008	1068	31423	7459
t__GCF_000204335	0	0	0	1548	0	5241	4084	0	185	27062
t__GCF_000185845	0	0	0	2041	44679	0	11799	0	0	0
t__GCF_000160635	0	0	0	0	3075	0	0	0	0	1949
t__GCF_000379965	4434	0	0	326	112	24514	0	3047	1583	12262
t__GCF_000160675	50666	0	1152	71014	141421	147785	119347	88567	103557	111822
t__GCF_000165735	0	0	0	50528	0	0	27855	42821	4068	0
t__GCF_000017725	3709	0	1745	5722	12522	2235	31899	26751	4534	8632
t__GCF_000024225	16068	0	0	94661	28385	0	37182	6312	7781	0
t__Fusobacterium_periodonticum_unclassified	41091	20015	105	24785	3441	156443	70566	36090	8091	34179
t__GCF_000242235	28396	0	0	4759	59781	0	53904	0	1648	0
t__Actinomyces_odontolyticus_unclassified	108	59914	0	1353	11834	13368	6822	2590	178667	263978
t__GCF_000292995	56969	0	0	0	762520	260435	1748946	0	578455	481339
t__GCF_000220255	0	0	0	278686	0	0	0	637	0	0
t__GCF_000186945	0	178	1144	60252	4322	9876	52985	11330	0	0
t__Streptococcus_sanguinis_unclassified	194488	91143	131515	313869	231883	1571140	1807773	1009435	756952	765449
t__GCF_000187585	0	0	0	4235	0	0	0	0	2976	0
t__Streptococcus_vestibularis_unclassified	0	0	61949	15449	0	0	0	10681	0	0
t__GCF_000469505	0	0	0	0	191358	214533	398594	0	0	0
t__GCF_000287675	535	0	0	891	735	4686	82945	336	536	1794
t__Leptotrichia_wadei_unclassified	16914	1407	814	15254	381519	0	145210	15671	2505	573
t__GCF_000242315	0	0	0	5875	233	0	4151	0	0	0
t__Rothia_dentocariosa_unclassified	57003	129507	478774	577351	466037	15339184	515169	1469196	2583419	1375133
t__GCF_000160435	73682	0	15789	7652	289750	326917	449087	509024	207960	119836
t__Haemophilus_sputorum_unclassified	0	0	0	0	0	328	4344	1759	0	4116
t__Fusobacterium_nucleatum_unclassified	2770529	424369	966593	3000905	1837738	881337	2154442	3356929	106072	255752
t__Haemophilus_influenzae_unclassified	886	4859	24122	9804	557	0	906	1173	0	0
t__Gemella_haemolysans_unclassified	7588	4569	17998	192454	4390	279120	5063	875	110320	108525
t__GCF_000262285	3825	9146	27152	12695	1739	282846	5030	4492	50371	6624
t__Prevotella_nigrescens_unclassified	1630548	8909	55812	1145037	242090	196	866108	241975	0	28333
t__GCF_000373045	453	0	0	2787	4021	0	22891	4096	120	0
t__Rothia_aeria_unclassified	106472	210315	540158	3868	272621	334223	588960	2233378	4561144	1498266
t__GCF_000173955	0	0	0	0	0	19639	7568	510	3602	559
t__Streptococcus_mutans_unclassified	249	0	55662	250323	550035	0	0	0	24935	0
t__GCF_000174755	251302	18297	154145	271644	566576	3815968	1767647	2754386	140596	615913
t__GCF_000411115	12398	3570	43848	6271	22021	175318	1857160	135103	2816	79959
t__GCF_000175315	52236	30762	13209	724122	21900	216193	780512	40725	765288	61661
t__Streptococcus_intermedius_unclassified	335125	0	26457	305504	39520	29408	173318	73638	98196	66360
t__GCF_000017005	29154	2306	1966	20107	182887	40061	1479	0	39138	59781
t__Streptococcus_cristatus_unclassified	5285	2767	20162	13731	3883	170	190153	0	9188	2277
t__GCF_000318135	62274	308607	28121	0	946434	1129919	166915	72656	3439414	82533
t__GCF_000160655	55744	564066	59133	31510	79611	1455643	1424709	787407	113657	134273
t__Neisseria_flavescens_unclassified	0	0	0	0	0	175141	1859692	4993	282830	36917
t__GCF_000180155	154701	141477	38653	38062	127378	631568	504257	41727	3497530	468399
t__GCF_000468135	623200	860046	79591	1429139	0	58633	0	0	0	15500
t__GCF_000186425	115829	121256	55514	0	2188	34296	328594	1366122	671586	331777
t__Prevotella_oris_unclassified	1010164	429219	161332	594312	72936	0	781751	362020	87430	6722
t__Streptococcus_constellatus_unclassified	0	0	0	498	0	1377	0	0	0	0
t__Lachnoanaerobaculum_saburreum_unclassified	23192	0	0	68712	30367	0	218761	209566	0	0
t__GCF_000160075	9374	936	0	10275	1796	214375	0	8820	135080	154673
t__GCF_000162955	3644	0	1873	7181	96865	0	128374	37780	2194	1098
t__GCF_000177375	1318	0	924	335193	502	0	0	0	0	0
t__GCF_000163895	0	0	26061	262558	0	0	0	0	0	0
t__GCF_000023905	55993	3472	1710	3266	22750	1055	63351	136	0	9223
t__GCF_000160695	4360	0	0	3085	1085	0	13544	5022	0	0
t__GCF_000162475	1219	0	3260	33654	131	12478	766	0	29364	18264
t__GCF_000185645	55045	2535	29266	78992	29812	228899	239467	19995	44238	51569
t__GCF_000285995	95330	135313	10986	370	159540	105887	644376	349000	193972	62079
t__GCF_000147675	0	0	0	86079	9120	6504	12332	2609	0	0
t__GCF_000185305	51523	4108	8219	0	0	427707	46149	161026	28672	184742
f__Propionibacteriaceae	499621	24947	47779	0	160937	242116	337035	427191	228301	595965
f__Comamonadaceae	0	0	0	0	612	0	2092	4178	0	659
g__Propionibacterium	499621	24947	47779	0	160937	242116	337035	427191	228301	595965
g__Cardiobacteriaceae_unclassified	37786	0	73325	0	50724	0	558354	0	0	6234
s__Haemophilus_paraphrohaemolyticus	0	0	0	0	0	707	9374	0	0	0
s__Propionibacterium_acnes	0	521	0	0	0	0	653	0	6814	0
s__Streptococcus_tigurinus	0	0	0	59946	0	347	1779	0	56533	11179
s__Corynebacterium_matruchotii	909339	854104	701985	372486	6149421	635622	9686880	280472	7047995	962545
t__GCF_000260675	0	0	0	0	0	707	9374	0	0	0
t__Propionibacterium_acnes_unclassified	0	521	0	0	0	0	653	0	6814	0
t__Streptococcus_tigurinus_unclassified	0	0	0	59946	0	347	1779	0	56533	11179
t__Corynebacterium_matruchotii_unclassified	909339	854104	701985	372486	6149421	635622	9686880	280472	7047995	962545
p__Candidatus_Saccharibacteria	18962	88718	68987	87766	105292	6125	3133961	8946	2986	1636441
p__Spirochaetes	1845552	1569834	1130430	1679242	198632	12162	461952	76305	0	111245
c__Candidatus_Saccharibacteria_noname	18962	88718	68987	87766	105292	6125	3133961	8946	2986	1636441
c__Spirochaetia	1845552	1569834	1130430	1679242	198632	12162	461952	76305	0	111245
o__Candidatus_Saccharibacteria_noname	18962	88718	68987	87766	105292	6125	3133961	8946	2986	1636441
o__Spirochaetales	1845552	1569834	1130430	1679242	198632	12162	461952	76305	0	111245
f__Clostridiales_Family_XI_Incertae_Sedis	432407	0	321071	1331011	42582	83469	153324	10975	4128	7731
f__Candidatus_Saccharibacteria_noname	18962	88718	68987	87766	105292	6125	3133961	8946	2986	1636441
f__Clostridiales_Family_XIII_Incertae_Sedis	50963	42622	28600	683704	771	0	12692	821	0	0
f__Spirochaetaceae	1845552	1569834	1130430	1679242	198632	12162	461952	76305	0	111245
g__Eikenella	102480	91548	150587	20127	121291	357279	1636221	526768	74404	120140
g__Parvimonas	432407	0	321071	1331011	42582	83469	153324	10975	4128	7731
g__Candidatus_Saccharibacteria_noname	5868	42342	68987	87766	105292	5576	3133961	0	2986	1636441
g__Peptostreptococcaceae_noname	98776	19948	42915	66378	30134	153532	248661	51510	9038	16267
g__Clostridiales_Family_XIII_Incertae_Sedis_unclassified	0	0	0	0	771	0	2945	92	0	0
g__Treponema	1845552	1569834	1130430	1679242	198632	12162	461952	76305	0	111245
s__Actinomyces_sp_oral_taxon_170	0	0	195951	0	189912	0	0	0	459252	0
s__Actinobaculum_sp_oral_taxon_183	2800501	0	42087	0	1119809	166281	0	1464631	294989	0
s__Actinomyces_massiliensis	129096	92767	121241	0	258241	110035	1077900	163176	3079560	107015
s__Actinomyces_sp_oral_taxon_171	0	0	0	0	572770	496476	629380	306975	1701458	144411
s__Capnocytophaga_sp_oral_taxon_329	95944	0	141134	349188	702987	1653195	1369512	1058910	53417	653093
s__Eikenella_corrodens	102480	91548	150587	20127	121291	357279	1636221	526768	74404	120140
s__Propionibacterium_propionicum	499621	24427	47779	0	160937	242116	336382	427191	221487	595965
s__Campylobacter_gracilis	388880	68874	57333	368488	180654	34851	371052	767038	47695	1269
s__Actinomyces_johnsonii	6966	0	47371	401	238009	0	1455535	567	69574	81584
s__Campylobacter_showae	27765	25714	39020	23546	22606	821467	1275315	140204	23662	267134
s__Eubacterium_brachy	325556	25178	311127	1798094	9815	73397	49054	0	0	8340
s__Selenomonas_noxia	7942	0	2736	17648	699243	10634	542145	1177055	76568	85725
s__Prevotella_loescheii	8816	41479	502	8588	46151	82995	1979	346032	0	188596
s__Oribacterium_sp_oral_taxon_078	211133	187311	0	48173	35894	0	53844	8569	0	0
s__Parvimonas_unclassified	379291	0	234131	809273	0	8159	39354	10069	4128	4776
s__Capnocytophaga_ochracea	51545	1161	17570	96629	9486	56019	34937	153808	1478	824
s__candidate_division_TM7_single_cell_isolate_TM7c	5868	26993	39623	82715	53880	4932	1552064	0	2986	809445
s__Streptococcus_oligofermentans	4247	0	1326	1423	3404	2924	3418	0	8798	1408
s__Cardiobacterium_valvarum	69860	11862	62080	841	30309	29269	125136	0	0	42312
s__Parvimonas_micra	53116	0	86940	218456	0	4073	13105	907	0	2953
s__Selenomonas_infelix	38375	1168	16532	14246	12244	20788	80160	0	0	3779
s__Neisseria_macacae	3650	11814	35166	0	0	144407	279400	507	6373	16504
s__candidate_division_TM7_single_cell_isolate_TM7b	0	15349	29364	5051	51414	644	1581897	0	0	826999
s__Kingella_denitrificans	0	0	0	342	145874	1746092	0	0	563195	0
s__Eubacterium_yurii	98776	19948	42915	66378	30134	153532	248661	51510	9038	16267
s__Neisseria_meningitidis	0	768	0	0	0	391202	0	0	1263	0
s__Treponema_socranskii	1301131	677817	115386	231427	110202	1806	313397	76305	0	45780
t__GCF_000164695	0	0	436113	307242	234963	3417997	117082	0	731872	908516
t__GCF_000143585	0	0	417149	0	352245	0	0	0	347454	947494
t__GCF_000195595	0	0	195951	0	189912	0	0	0	459252	0
t__GCF_000466165	2800501	0	42087	0	1119809	166281	0	1464631	294989	0
t__Actinomyces_massiliensis_unclassified	129096	92767	121241	0	29004	63255	715782	163176	3079560	107015
t__GCF_000186965	0	0	0	0	572770	496476	629380	306975	1701458	144411
t__GCF_000213295	95944	0	141134	349188	702987	1653195	1369512	1058910	53417	653093
t__Eikenella_corrodens_unclassified	44217	91548	150587	20127	38080	221795	828187	526768	74404	120140
t__GCF_000277715	499621	24427	47779	0	160937	242116	336382	427191	221487	595965
t__GCF_000175875	388880	68874	57333	368488	180654	34851	371052	767038	47695	1269
t__Actinomyces_johnsonii_unclassified	6966	0	47371	401	238009	0	1455535	567	69574	81584
t__Campylobacter_showae_unclassified	27765	25714	39020	23546	22606	821467	1275315	140204	23662	267134
t__GCF_000488855	325556	25178	311127	1798094	9815	73397	49054	0	0	8340
t__Selenomonas_noxia_unclassified	7942	0	2736	17648	699243	10634	542145	1177055	76568	85725
t__GCF_000378085	8816	41479	502	8588	46151	82995	1979	346032	0	188596
t__Oribacterium_sp_oral_taxon_078_unclassified	211133	187311	0	48173	35894	0	53844	8569	0	0
t__Capnocytophaga_ochracea_unclassified	51545	1161	17570	96629	9486	56019	34937	153808	1478	824
t__GCF_000170675	5868	26993	39623	82715	53880	4932	1552064	0	2986	809445
t__GCF_000385925	4247	0	1326	1423	3404	2924	3418	0	8798	1408
t__GCF_000239355	69860	11862	62080	841	30309	29269	125136	0	0	42312
t__GCF_000154405	53116	0	86940	218456	0	4073	13105	907	0	2953
t__GCF_000234095	38375	1168	16532	14246	12244	20788	80160	0	0	3779
t__GCF_000220865	3650	11814	35166	0	0	144407	279400	507	6373	16504
t__GCF_000170655	0	15349	29364	5051	51414	644	1581897	0	0	826999
t__GCF_000190695	0	0	0	342	145874	1746092	0	0	563195	0
t__GCF_000146855	98776	19948	42915	66378	30134	153532	248661	51510	9038	16267
t__Neisseria_meningitidis_unclassified	0	768	0	0	0	391202	0	0	1263	0
t__Treponema_socranskii_unclassified	389273	677817	74714	43233	110202	1806	38661	24982	0	0
f__Siphoviridae	0	0	0	0	478	0	0	0	0	9173
s__Escherichia_coli	0	10073	0	0	0	0	0	0	797	0
t__Escherichia_coli_unclassified	0	10073	0	0	0	0	0	0	797	0
g__Scardovia	611	0	0	3002	1132	0	0	0	15391	0
s__Scardovia_unclassified	611	0	0	0	1132	0	0	0	1924	0
c__Bacteroidetes_noname	49497	838127	977685	145551	0	39531	113184	0	0	88078
o__Gallionellales	3981	0	0	1785	0	3562	2065	0	11393	0
o__Bacteroidetes_noname	49497	838127	977685	145551	0	39531	113184	0	0	88078
f__Gallionellaceae	3981	0	0	1785	0	3562	2065	0	11393	0
f__Bacteroidetes_noname	49497	838127	977685	145551	0	39531	113184	0	0	88078
g__Clostridiales_Family_XIII_Incertae_Sedis_noname	50963	42622	1136	300094	0	0	9747	729	0	0
g__Gallionellaceae_unclassified	3981	0	0	1785	0	3562	2065	0	11393	0
g__Catonella	26927	44429	43428	21071	29938	27349	140906	0	70	20947
g__Bacteroidetes_noname	49497	838127	977685	145551	0	39531	113184	0	0	88078
g__Comamonas	0	0	0	0	612	0	1372	1500	0	659
g__Olsenella	13142	27389	90	0	149	0	6482	602	0	0
g__Mitsuokella	23577	23034	4285	0	8315	0	74470	29236	1834	3347
g__Tannerella	18043	4816	269424	302561	218854	903	0	0	0	774
g__Anaeroglobus	428245	0	0	199713	0	0	0	0	0	0
g__Centipeda	108325	34055	4430	12586	22172	2109	28654	0	0	767
g__Eubacteriaceae_noname	512	0	52763	44277	0	0	0	0	85	0
g__Johnsonella	180137	0	24043	0	0	0	49014	0	0	292
s__Alloprevotella_tannerae	2614860	1091009	0	1642076	1217923	0	79953	0	0	0
s__Eubacterium_infirmum	50963	42622	1136	300094	0	0	9747	729	0	0
s__Alloprevotella_rava	85487	456	10126	96253	31525	0	1526	0	0	0
s__Neisseria_sp_oral_taxon_014	206411	0	0	0	0	0	0	669971	0	0
s__Treponema_medium	151230	73401	272245	263076	58142	8474	18847	0	0	721
s__Lachnospiraceae_oral_taxon_107	0	18429	0	301	24039	10489	11659	0	0	0
s__Porphyromonas_endodontalis	8731	1926	118093	1708972	0	67493	14277	0	0	0
s__Catonella_morbi	26927	44429	43428	21071	29938	27349	140906	0	70	20947
s__Bacteroidetes_oral_taxon_274	49497	838127	977685	145551	0	39531	113184	0	0	88078
s__Neisseria_elongata	204362	383258	171462	0	185697	1407353	572531	54829	241768	478215
s__Streptococcus_anginosus	340220	0	1235	77441	5616	2027	48148	0	0	0
s__Prevotella_veroralis	0	0	0	199638	0	0	0	0	0	267
s__Treponema_denticola	37	406290	53449	436921	0	0	0	0	0	1558
s__Prevotella_oulorum	46404	110404	10911	102229	74266	0	55396	96943	6904	0
s__Selenomonas_sputigena	44676	44932	7568	7713	5062	0	21459	8547	321	616
s__Prevotella_denticola	352228	33953	7841	56835	0	0	270260	3430	0	0
s__Porphyromonas_catoniae	195727	148789	39239	307757	134244	448066	70999	315065	40	9148
s__Leptotrichia_goodfellowii	104259	0	1740	0	183933	72203	11472	0	9083	0
s__Treponema_vincentii	204368	41657	171071	192145	6008	1137	2971	0	0	12466
s__Candidatus_Prevotella_conceptionensis	1160157	72074	67086	169278	373264	638	655056	0	150	11229
s__Comamonas_unclassified	0	0	0	0	612	0	1372	1500	0	659
s__Slackia_unclassified	124	0	154	0	2505	0	7262	139	0	0
s__Aggregatibacter_aphrophilus	554763	35217	102974	16705	0	213289	0	0	5386	0
s__Mitsuokella_unclassified	23577	23034	4285	0	8315	0	74470	29236	1834	3347
s__Atopobium_rimae	48453	4729	0	55115	8226	1604	63311	8705	230	0
s__Tannerella_forsythia	18043	4816	269424	302561	218854	903	0	0	0	774
s__Anaeroglobus_geminatus	428245	0	0	199713	0	0	0	0	0	0
s__Slackia_exigua	0	0	0	2542	0	0	400	0	0	0
s__Prevotella_buccae	0	0	0	9958	0	0	6149	1493	0	0
s__Campylobacter_curvus	789	0	0	1197	0	1326	154304	0	0	0
s__Centipeda_periodontii	108325	34055	4430	12586	22172	2109	28654	0	0	767
s__Eubacteriaceae_bacterium_OBRC8	512	0	0	0	0	0	0	0	85	0
s__Neisseria_sicca	26333	14915	10581	0	12132	1894047	136276	8297	4463479	119501
s__Johnsonella_ignava	180137	0	24043	0	0	0	49014	0	0	292
t__GCF_000159995	2614860	1091009	0	1642076	1217923	0	79953	0	0	0
t__GCF_000242675	50963	42622	1136	300094	0	0	9747	729	0	0
t__GCF_000234115	85487	456	10126	96253	31525	0	1526	0	0	0
t__GCF_000090875	206411	0	0	0	0	0	0	669971	0	0
t__GCF_000413035	151230	73401	272245	263076	58142	8474	18847	0	0	721
t__GCF_000209465	0	18429	0	301	24039	10489	11659	0	0	0
t__GCF_000174815	8731	1926	118093	1708972	0	67493	14277	0	0	0
t__GCF_000160035	26927	44429	43428	21071	29938	27349	140906	0	70	20947
t__GCF_000163695	49497	838127	977685	145551	0	39531	113184	0	0	88078
t__GCF_000176755	204362	383258	171462	0	185697	1407353	572531	54829	241768	478215
t__Streptococcus_anginosus_unclassified	340220	0	1235	77441	5616	2027	48148	0	0	0
t__Prevotella_veroralis_unclassified	0	0	0	199638	0	0	0	0	0	267
t__Treponema_denticola_unclassified	37	406290	53449	436921	0	0	0	0	0	1558
t__GCF_000224615	46404	110404	10911	102229	74266	0	55396	96943	6904	0
t__Selenomonas_sputigena_unclassified	44676	44932	7568	7713	5062	0	21459	8547	321	616
t__Prevotella_denticola_unclassified	352228	33953	7841	56835	0	0	270260	3430	0	0
t__GCF_000318215	195727	148789	39239	307757	134244	448066	70999	315065	40	9148
t__GCF_000176335	104259	0	1740	0	183933	72203	11472	0	9083	0
t__Treponema_vincentii_unclassified	204368	41657	171071	0	6008	1137	2971	0	0	12466
t__GCF_000312305	1160157	72074	67086	169278	373264	638	655056	0	150	11229
t__Aggregatibacter_aphrophilus_unclassified	554763	35217	102974	16705	0	213289	0	0	5386	0
t__GCF_000174015	48453	4729	0	55115	8226	1604	63311	8705	230	0
t__GCF_000238215	18043	4816	269424	302561	218854	903	0	0	0	774
t__GCF_000239275	428245	0	0	199713	0	0	0	0	0	0
t__GCF_000162875	0	0	0	2542	0	0	400	0	0	0
t__Prevotella_buccae_unclassified	0	0	0	9958	0	0	6149	1493	0	0
t__Campylobacter_curvus_unclassified	789	0	0	1197	0	1326	154304	0	0	0
t__GCF_000213975	108325	34055	4430	12586	22172	2109	28654	0	0	767
t__GCF_000293035	512	0	0	0	0	0	0	0	85	0
t__Neisseria_sicca_unclassified	26333	14915	10581	0	12132	1894047	136276	8297	4463479	119501
t__GCF_000235445	180137	0	24043	0	0	0	49014	0	0	292
f__Alcaligenaceae	1734	0	0	0	0	0	0	3151	0	0
g__Pusillimonas	1734	0	0	0	0	0	0	1962	0	0
g__Polaromonas	0	0	0	0	0	0	720	2679	0	0
s__Capnocytophaga_sp_oral_taxon_332	55209	0	0	0	0	558177	0	0	0	0
s__Capnocytophaga_sputigena	0	0	0	0	0	931653	978387	1566900	0	0
s__Aggregatibacter_sp_oral_taxon_458	78818	0	0	0	0	0	1377687	0	93236	0
s__Porphyromonas_sp_oral_taxon_278	0	0	0	0	0	0	61506	0	38106	0
s__Treponema_maltophilum	175277	150978	25788	137470	24282	745	126742	0	0	50585
s__Prevotella_saccharolytica	103396	24277	20671	5054	26387	6138	232385	0	0	28929
s__Prevotella_micans	591	30259	0	0	0	0	32392	0	0	1725
s__Prevotella_maculosa	60625	77706	8770	63839	61740	562	122798	80714	0	6238
s__Selenomonas_artemidis	0	0	14337	111	2552	0	300499	126807	11303	25600
s__Actinomyces_georgiae	1038	91969	6342	0	11319	0	5816	0	0	0
s__Olsenella_unclassified	13142	0	90	0	149	0	6482	602	0	0
s__Pusillimonas_unclassified	1734	0	0	0	0	0	0	1962	0	0
s__Polaromonas_unclassified	0	0	0	0	0	0	720	2679	0	0
s__Neisseria_gonorrhoeae	0	0	0	0	0	676	0	0	26728	0
s__Campylobacter_rectus	130	393504	42758	231310	0	4471	247	0	0	616
t__GCF_000318275	55209	0	0	0	0	558177	0	0	0	0
t__GCF_000173675	0	0	0	0	0	931653	978387	1566900	0	0
t__GCF_000466335	78818	0	0	0	0	0	1377687	0	93236	0
t__GCF_000467855	0	0	0	0	0	0	61506	0	38106	0
t__GCF_000413055	175277	150978	25788	137470	24282	745	126742	0	0	50585
t__GCF_000504685	58262	0	0	0	83214	135478	559966	0	0	0
t__GCF_000413015	911857	0	40674	188194	0	0	274737	51323	0	45780
t__GCF_000318195	103396	24277	20671	5054	26387	6138	232385	0	0	28929
t__Prevotella_micans_unclassified	591	30259	0	0	0	0	32392	0	0	1725
t__Prevotella_maculosa_unclassified	60625	77706	8770	63839	61740	562	122798	80714	0	6238
t__GCF_000187125	0	0	14337	111	2552	0	300499	126807	11303	25600
t__GCF_000277685	1038	91969	6342	0	11319	0	5816	0	0	0
t__Neisseria_gonorrhoeae_unclassified	0	0	0	0	0	676	0	0	26728	0
t__GCF_000174175	130	393504	42758	231310	0	4471	247	0	0	616
g__Pasteurella	2357	0	0	0	0	486	0	0	0	0
s__Pasteurella_unclassified	2357	0	0	0	0	486	0	0	0	0
p__Synergistetes	77629	116809	148403	23710	18540	366	1686	0	0	0
c__Synergistia	77629	116809	148403	23710	18540	366	1686	0	0	0
o__Synergistales	77629	116809	148403	23710	18540	366	1686	0	0	0
f__Synergistaceae	77629	116809	148403	23710	18540	366	1686	0	0	0
g__Fretibacterium	77629	116809	148403	23710	18540	366	1686	0	0	0
s__Capnocytophaga_sp_oral_taxon_326	732419	0	0	0	0	0	764749	0	0	0
s__Neisseria_bacilliformis	0	0	0	0	3783	0	691991	767	17134	0
s__Capnocytophaga_sp_oral_taxon_338	501766	0	86465	301090	0	0	0	0	0	0
s__Fretibacterium_fastidiosum	77629	116809	148403	23710	18540	366	1686	0	0	0
t__GCF_000296275	0	0	0	0	229239	46780	362118	0	0	0
t__GCF_000318295	732419	0	0	0	0	0	764749	0	0	0
t__GCF_000194925	0	0	0	0	3783	0	691991	767	17134	0
t__GCF_000192225	501766	0	86465	301090	0	0	0	0	0	0
t__GCF_000210715	77629	116809	148403	23710	18540	366	1686	0	0	0
g__Candidatus_Saccharibacteria_noname_unclassified	13094	46375	0	0	0	549	0	8946	0	0
g__Shuttleworthia	10602	1115	0	14260	0	0	2858	0	0	0
s__Prevotella_oralis	4320	50608	0	115280	0	0	193	13765	0	0
s__Shuttleworthia_satelles	10602	1115	0	14260	0	0	2858	0	0	0
t__Prevotella_oralis_unclassified	4320	50608	0	115280	0	0	193	13765	0	0
t__GCF_000160115	10602	1115	0	14260	0	0	2858	0	0	0
s__Prevotella_sp_oral_taxon_473	154540	0	0	108614	0	574754	69960	0	168727	0
s__Treponema_lecithinolyticum	13507	219690	492490	418203	0	0	0	0	0	135
s__Eubacteriaceae_bacterium_ACC19a	0	0	36219	29232	0	0	0	0	0	0
s__Eubacteriaceae_noname_unclassified	0	0	16477	15045	0	0	0	0	0	0
s__Prevotella_marshii	6912	2648	0	26512	0	0	0	0	0	0
t__GCF_000318095	154540	0	0	108614	0	574754	69960	0	168727	0
t__GCF_000468055	13507	219690	492490	418203	0	0	0	0	0	135
t__GCF_000238115	0	0	36219	29232	0	0	0	0	0	0
t__GCF_000146675	6912	2648	0	26512	0	0	0	0	0	0
s__Prevotella_intermedia	0	0	584367	0	0	57010	0	0	0	0
s__Scardovia_wiggsiae	0	0	0	3002	0	0	0	0	13467	0
t__GCF_000261025	0	0	584367	0	0	57010	0	0	0	0
t__Scardovia_wiggsiae_unclassified	0	0	0	3002	0	0	0	0	13467	0
s__Prevotella_baroniae	0	0	3945	21324	0	0	0	0	0	0
t__GCF_000468635	0	0	3945	21324	0	0	0	0	0	0
s__Veillonella_sp_3_1_44	0	0	0	544552	0	0	0	0	162329	0
s__Parvimonas_sp_oral_taxon_110	0	0	0	303279	42582	71237	100866	0	0	0
t__GCF_000163715	0	0	0	544552	0	0	0	0	162329	0
t__GCF_000214475	0	0	0	303279	42582	71237	100866	0	0	0
g__Mogibacterium	0	0	27464	383611	0	0	0	0	0	0
s__Mogibacterium_sp_CM50	0	0	27464	383611	0	0	0	0	0	0
t__GCF_000293155	0	0	27464	383611	0	0	0	0	0	0
