featureid	Intercept	grp[T.grp2]
OTU_97.31247	1.1482731601895075	0.18209272251037323
OTU_97.44487	-0.4126531579791326	-0.17871815338226593
OTU_97.34979	-0.8239176967440871	0.5609686337461817
OTU_97.34572	-0.016318629056097933	0.16460400820282572
OTU_97.42259	1.3830921104849558	0.25091542676595324
OTU_97.34698	0.5570663115681382	-0.5264828838357571
OTU_97.34087	-0.4199299314318914	0.3907484374990817
OTU_97.22697	-0.8945296504794387	0.6913719140043604
OTU_97.42301	0.08440034601104074	0.43771591410545074
OTU_97.34787	-1.073091337948921	0.3764377348175403
OTU_97.44950	0.4904150268734675	0.33004235849288666
OTU_97.119	1.5884381136597376	0.6019800268164035
OTU_97.103	-0.26709217813599384	-1.0300595201501492
OTU_97.13113	-0.4026097753344793	-1.5063988603601102
OTU_97.21594	0.4176558754147264	-1.7626648582467679
OTU_97.21561	-0.01929206636536307	-0.3161093033799771
OTU_97.37277	-0.3590427139102239	0.2913498617759105
OTU_97.42114	0.321220924586175	0.22309768945482933
OTU_97.20802	-0.4541890123187322	0.20534997061399096
OTU_97.34571	-0.1484307744799871	0.2825983651032802
OTU_97.35058	1.4801762005985948	0.1705393251082059
OTU_97.34173	-0.2335316636859197	0.4765878878584262
OTU_97.42356	3.973308255404351	0.13181343302634918
OTU_97.35347	0.39881764861952984	0.2280602678707
OTU_97.33840	-0.32543666151154227	0.5472004376402255
OTU_97.42482	2.2191683551968318	0.29658447579053604
OTU_97.42074	1.690948297709343	0.434131231164014
OTU_97.44994	1.244823706776021	0.16623306274918281
OTU_97.37453	-0.04075832155335135	0.2573191486349451
OTU_97.42457	2.304654409617303	0.46886324510482424
OTU_97.52	-0.8954842784701613	-0.8356016315469388
OTU_97.43685	1.0782068869770738	0.3902717791548129
OTU_97.38230	-0.3316665389834661	0.24323242158201897
OTU_97.43549	-0.4228394725619573	0.12311787158755028
OTU_97.43162	-1.2665408351718215	0.5135206244936343
OTU_97.32873	-0.8695770004092482	0.33576856181529724
OTU_97.43147	2.302460362643121	0.08725568280128204
OTU_97.39651	-0.4883473613559026	0.27450765297321045
OTU_97.40646	1.911346783369897	0.05882207677272433
OTU_97.24645	0.49161892148864084	0.2653406970253336
OTU_97.37186	-1.8018489578067092	0.6242814622869837
OTU_97.38443	0.7792726955116969	-0.7380492724427832
OTU_97.43240	-0.6803098419009475	0.5323278568735477
OTU_97.29249	-1.6692672469912795	0.45616647229102725
OTU_97.5096	-1.44434458997834	0.8089284263601657
OTU_97.21369	-0.23034615305054373	0.2424391508152839
OTU_97.81	1.475250591963647	-0.1360202468881262
OTU_97.35745	-0.7239248254596022	-0.23393512144180661
OTU_97.6871	0.37597375127684884	-0.3913484848985318
OTU_97.20326	-0.8870793083010939	-0.6555147804269446
OTU_97.30684	-1.0143743255435256	-0.05844222381206787
OTU_97.28630	-0.2900586822329778	0.12558840960768425
OTU_97.14242	0.054989983767388395	0.6077791117182123
OTU_97.214	0.1260506412686091	-1.5167560018548611
OTU_97.202	0.6121201417149287	0.4250576160898554
OTU_97.37932	0.049374630183098844	-0.3587191142091397
OTU_97.17117	-1.0843489864169387	0.004009645437275111
OTU_97.27156	-0.6156495311557082	-0.7905089296350134
OTU_97.30381	-0.4962619045077581	-0.2721216119775418
OTU_97.40123	-0.5896316268740911	-1.8871533311853055
OTU_97.341	0.7312974831761103	-2.3832232393273953
OTU_97.7035	-0.9049823978244094	-0.35562968626114255
OTU_97.27773	0.467330624789116	-0.06562668457123166
OTU_97.186	1.8985392949284297	0.06884816661981308
OTU_97.5397	-0.4404112794696111	0.3540004454603549
OTU_97.16755	-1.2007051208316115	-0.012694153929675878
OTU_97.32756	-1.9162009456454543	0.8026322089186069
OTU_97.35794	0.44643913719069683	0.4277842305651065
OTU_97.43658	-0.4237961271106023	0.16274202056733245
OTU_97.19244	-0.5983483293353338	-0.0072204656848562365
OTU_97.43676	2.2194005748928767	-0.20795700326057798
OTU_97.29641	1.888404955595849	0.3437212072363254
OTU_97.36734	-1.2698667743502883	0.3215116523256656
OTU_97.1072	-1.321400950223091	0.7861728034963962
OTU_97.31	1.1517057849300327	0.5481613539209711
OTU_97.31235	-0.5556095340548772	0.3092791549911853
OTU_97.31079	-0.9056750037966994	-0.46720946207138425
OTU_97.30180	1.2866597822607737	0.3216411881199237
OTU_97.14702	-0.8634803989230422	-0.8119174279222134
OTU_97.43326	0.17212360116851144	-0.1255711056241644
OTU_97.9796	-0.39399976518738455	-0.7847562469491605
OTU_97.24695	0.9656311473549586	0.0033232532492037947
OTU_97.40289	-0.16477901723969168	0.3750227801552173
OTU_97.32063	-0.04384643819916523	0.6742685399999964
OTU_97.36643	0.8271611830891343	0.8837491832723972
OTU_97.37689	0.7005062899292689	0.3504255972853061
OTU_97.36487	-0.04234571245301044	0.47317438945678436
OTU_97.40138	-0.6548789241610793	0.8391655646314975
OTU_97.39156	-1.3592243888675002	0.7036803923597681
OTU_97.24871	-1.3013318279086379	0.14604128525165283
OTU_97.3496	-1.6367729404269484	0.44165658578780853
OTU_97.38634	-0.7378667095004348	0.12233612686899775
OTU_97.9318	-0.24737734583008475	0.5089529119482386
OTU_97.17605	1.1347243296654206	0.1383930891802665
OTU_97.22802	-0.8338150480090407	0.027959074830090636
OTU_97.37040	0.05957775327575021	0.7199941836347925
OTU_97.13159	-0.6721592643557814	0.21369843557981216
OTU_97.2118	0.470784654349206	-0.4573649801263455
OTU_97.37104	0.5205470225514146	-0.03971223905178345
OTU_97.16819	1.1838103360236865	-1.2073718942651395
OTU_97.7636	0.8728980025948267	-0.5337800420770291
OTU_97.8517	-0.8694530227481154	-0.20980090274902707
OTU_97.33436	-0.10757345941651053	-0.3984789885530118
OTU_97.30904	0.41540830346953683	-0.5161603726396216
OTU_97.31136	-0.18664486196625418	-0.22680506482216156
OTU_97.43810	-0.3132564523516912	-0.4698537625321997
OTU_97.4527	-0.46216828611481375	-0.26478425040336884
OTU_97.656	-0.7429615953265456	-0.17160502448173798
OTU_97.39511	0.46406131002318673	-0.5471579469689969
OTU_97.36847	-1.0643141963778762	0.16246468760577404
OTU_97.37130	-0.49555785444367206	0.12717685476449692
OTU_97.16741	-0.28127152708161063	-0.5342716015824927
OTU_97.27077	1.0189633122385722	-0.4399430789003018
OTU_97.44036	2.156117727488396	-0.7999441660890225
OTU_97.29314	-0.301273176938178	-0.006110522891010106
OTU_97.46	0.6185164353550654	-0.6703964509019507
OTU_97.4769	-0.25205034998047626	-0.6391830481538427
OTU_97.11084	-0.3133998611270208	-0.27484488859268463
OTU_97.15034	0.15154849502456003	-0.5904935039529446
OTU_97.37362	-0.8251890638171462	-0.2559761144170416
OTU_97.43201	-1.1059971549807814	-0.7856914438256872
OTU_97.32912	0.3470177552403193	-1.1233177818307523
OTU_97.2976	-1.2468174197970656	0.45143991336730593
OTU_97.96	1.6577489874066096	0.19491039217022532
OTU_97.27621	0.4905269047917109	-0.5029521025666845
OTU_97.8091	-0.8349359729586867	-0.0933082140931738
OTU_97.37930	0.24311976644408517	0.04440009221938723
OTU_97.26973	-0.06841797617066092	-0.7513549365052823
OTU_97.18823	0.7067291638554307	0.07853305712846481
OTU_97.40217	-0.5230848291217107	0.02529580519107455
OTU_97.37203	-0.6825620630084304	0.45176270232108706
OTU_97.30781	-1.3900860050021437	0.6779445968618738
OTU_97.22368	-0.29252321508515067	0.8117577396383631
OTU_97.20662	-0.11849601057160086	-0.26896247639747894
OTU_97.180	0.22861759874236398	0.09439295903352463
OTU_97.37567	-0.045261810094000765	-0.18188932910057343
OTU_97.32854	-1.5121672847567824	0.7507393918981906
OTU_97.4852	-0.6546653011142043	0.5685015283575412
OTU_97.10005	-0.18386561658966727	-0.43873638286682404
OTU_97.4278	-0.9497607448397902	0.7834293805113193
OTU_97.27282	-0.1497144201098708	0.20651154965666496
OTU_97.5667	-0.6118711927233953	0.23254863918331825
OTU_97.171	-0.5837729671298284	0.8179318867674228
OTU_97.38506	-0.41137690332520194	0.46555423364547455
OTU_97.38568	-0.3803005912600774	0.8277160488119479
OTU_97.38971	-1.2621608474551467	0.028184186672246092
OTU_97.1693	-1.2099431255160598	-0.1385217644223813
OTU_97.209	-0.22751457479584491	-0.6650396026620511
OTU_97.27506	-1.0037568309603957	0.4414679370870944
OTU_97.470	1.1715168556870204	-0.15742645039650327
OTU_97.4046	-0.036015103131415316	0.4591224752416956
OTU_97.15508	2.3065853616894465	0.38838454708961123
OTU_97.17651	0.30443184587371164	0.5246839188089716
OTU_97.2911	0.07481043550383859	-0.2531473971852911
OTU_97.36	3.0658107301892024	0.07808498666194641
OTU_97.784	-0.8202739455996779	0.5863692425241824
OTU_97.38496	-0.7725181081591872	0.2132140528461095
OTU_97.17813	-0.34124357488739676	0.6037272475710269
OTU_97.335	1.7871010801495295	0.3489522747745859
OTU_97.4331	-1.0639565685092238	0.8171334229460117
OTU_97.36830	-0.20261282709229178	-0.15590864791962034
OTU_97.29286	-0.05359120157349295	0.552626606081998
OTU_97.9966	-0.21283025529968924	-0.12270188703628815
OTU_97.8617	-1.688522885113838	0.7143093310346948
OTU_97.14358	0.39282601091277325	-1.345297161484683
OTU_97.43627	-0.7626491287051467	-0.23825377597900665
OTU_97.11879	-0.5471090772448797	-0.8030058778772009
OTU_97.29029	0.8588499924839716	-0.7184345759400976
OTU_97.43528	-0.6404822566806105	-0.021138805891002477
OTU_97.13074	0.5484489104450914	0.2590424306741115
OTU_97.38628	-0.4012732007800359	0.2946786098232623
OTU_97.39365	-0.08713454988587088	0.38470927998927795
OTU_97.29976	0.39344870063674264	0.7059111557951319
OTU_97.32295	1.0182143947781306	-0.15183824672790802
OTU_97.57	0.5637883445919734	0.2765818350067484
OTU_97.143	-0.6819704273043898	0.24325935543087684
OTU_97.8663	-0.2558944919406203	0.5528909228792545
OTU_97.15438	0.617849399775384	0.306534815584695
OTU_97.40159	-1.583776781827095	0.6833478175154077
OTU_97.27897	0.08615582200896554	0.4764797352304804
OTU_97.43152	0.4072320959271174	0.5567939542284357
OTU_97.38908	-0.011232803135992953	0.1835282640582081
OTU_97.28342	1.183423311889289	0.4269687198152896
OTU_97.99	0.37615542623412423	-1.8695203699121121
OTU_97.813	0.25431834670913034	-2.048132363701785
OTU_97.170	0.6041480204762193	-1.2771652378091458
OTU_97.241	-0.23312861707794852	-1.2001472152719144
OTU_97.86	-0.34998519209015555	-1.0082752145776395
OTU_97.14500	-0.7627658345996169	0.4838642142763483
OTU_97.40055	-1.6074221828280715	-0.3990771211633337
OTU_97.29558	-0.7340474822818068	-1.9922372735986356
OTU_97.25199	0.7320118448437434	-2.93215364589783
OTU_97.144	-0.22376818445313162	-1.703986708069766
OTU_97.12494	0.14128344270598703	-1.8197290338525418
OTU_97.20304	0.15701424095046335	-0.8795806802758817
OTU_97.7711	0.14708750459563458	-0.17600632085891998
OTU_97.8462	-0.7701893546878127	-0.31700948252769745
OTU_97.40649	-0.6553773382006911	-0.22322729601951963
OTU_97.38338	-0.7916303375064162	-1.2586864866265897
OTU_97.32541	0.03857665273558819	-0.5579386986741666
OTU_97.37196	-0.7097447612582473	-1.203428093338931
OTU_97.36206	-0.021025965481879183	-1.3442887701043729
OTU_97.104	0.829199989765999	-0.2596035636911038
OTU_97.15628	0.44240569087874615	-1.6320731081018094
OTU_97.33608	-0.3680022456942815	0.18110778369513714
OTU_97.39075	-0.5417392947970647	-0.3141597844609869
OTU_97.29354	-0.6417897441684035	-1.4876729883203152
OTU_97.17482	-0.008404205113532903	-1.463710132981265
OTU_97.13268	-0.5151705243884344	0.23618681729344093
OTU_97.35210	-0.9645271995364455	-1.8096837438592557
OTU_97.39846	-0.39046163347351737	-1.1199082769403104
OTU_97.38639	-0.912383148938301	-1.0037339366922025
OTU_97.40598	-0.004411170750739046	-1.0852347053537015
OTU_97.37491	-0.8560746410189894	-1.393408242608035
OTU_97.804	-0.9591570594607619	-1.832713548088992
OTU_97.331	-0.39767951753723896	-2.1072153486261014
OTU_97.30058	0.030825783938286833	-2.130149785424197
OTU_97.11904	-0.4507303932009954	-0.932106915856326
OTU_97.63	1.9024847647846919	-1.3914771713266019
OTU_97.36741	0.37228106471907907	-1.4669342674264554
OTU_97.6135	-0.36422402647125995	-1.6907361186990384
OTU_97.10169	-0.04840929296601004	-1.8992602266320828
OTU_97.43655	0.08957772466552072	-1.9314579404840115
OTU_97.33589	-0.704654763013008	-1.0151479877481107
OTU_97.65	0.6643612882794123	-1.613223139191592
OTU_97.35811	-0.5459497669039983	-1.2080499567041043
OTU_97.31246	-0.9846175411044387	-2.263143006707156
OTU_97.43542	0.7769887349308711	-1.6999029554376248
OTU_97.36199	1.4555674395264369	-1.6483817733773831
OTU_97.17016	-0.1912081935702581	-1.1226218379983548
OTU_97.14954	-0.7864812114535598	-1.7624358572015408
OTU_97.137	-0.5603317716418523	-2.0334457792291287
OTU_97.16182	-0.18950302389252371	-1.6967995800027493
OTU_97.17936	1.6903932592571955	-2.0837168134698514
OTU_97.5976	-0.6757597425280837	-1.1653395332345609
OTU_97.15711	-0.7130591371356276	-1.4638301767358426
OTU_97.38789	-1.0377326705752639	-0.5034546293267859
OTU_97.131	1.2180607965887766	-1.3480644859323148
OTU_97.210	0.7243403992356043	-1.5671140588769559
OTU_97.176	1.326824774474022	-0.925855580712283
OTU_97.92	-0.6426590183078078	-1.6639178432473782
OTU_97.4164	-0.3164120414553899	-1.6389463581094388
OTU_97.45085	-0.21724314478028006	-1.9305254854211453
OTU_97.4921	-0.22726769235718436	-1.7754879631051663
OTU_97.30479	0.028075148791191218	-1.3032462038049344
OTU_97.2284	0.41102271291625314	-2.0580279268273953
OTU_97.23799	-0.5671603181659002	-2.5873443521508817
OTU_97.10081	0.10067885133635812	-1.5293242372522
OTU_97.107	0.025353719920036433	-1.176665488625491
OTU_97.53	-0.4516807296572951	0.349122550343548
OTU_97.11855	-0.6218440034686354	0.13250115141776764
OTU_97.15634	-0.5994561412631301	0.25040722266343796
OTU_97.519	-0.20648057249176688	-0.6859833039292935
OTU_97.226	0.03615014764678204	-1.5750283636102322
OTU_97.32892	-0.6696719625293044	-2.308431092644656
OTU_97.38219	0.3854059478939753	-1.0044050849923742
OTU_97.9260	-0.36139852789032734	0.3373060040226328
OTU_97.178	1.1204627374858838	0.6368138752928125
OTU_97.2585	-0.5011367299853582	-0.08737311139198667
OTU_97.23110	1.815952529639123	-0.5036394037255887
OTU_97.25559	-0.7292581298648146	-0.4113258160600308
OTU_97.6407	-0.5907365777789382	0.5941958092203485
OTU_97.169	0.936256115764496	0.6633433960428583
OTU_97.43452	-1.0834835269748	0.5847999118318903
OTU_97.44645	-0.10476798799622244	0.8341460190763827
OTU_97.7264	0.2878391048611375	0.3396567665090906
OTU_97.22980	-0.2692571380435247	0.42441141233352386
OTU_97.1654	-0.9011710384188918	0.4888594113340732
OTU_97.19159	-0.5308819511233587	0.24387724325565063
OTU_97.21528	0.6293218633831721	-0.10717198624702817
OTU_97.39733	1.6711785099209528	0.2861523516526576
OTU_97.5274	0.26665513727080636	-0.32754797115417844
OTU_97.12942	-0.5892585017977972	-0.09461602940651304
OTU_97.8387	-0.06695861604798026	0.1809077797275167
OTU_97.11681	-0.36947817590820975	0.5521595738878604
OTU_97.19599	-0.3468126752673415	0.38925444707778567
OTU_97.12653	-0.8950026729403762	0.436660196637189
OTU_97.9301	-0.4226434924899358	-0.025166992093051732
OTU_97.34204	0.7688209018410426	0.5586388967981692
OTU_97.39720	-0.9736405113040236	0.5331289731016504
OTU_97.30516	2.245486905306694	0.5457551144113886
OTU_97.9051	-0.4844741323291082	0.5921150706758844
OTU_97.18536	1.5736545226277094	-0.03709055855366028
OTU_97.5070	0.14505093309294992	0.22700575367120468
OTU_97.30	2.3689563772381526	0.7993921600332605
OTU_97.172	1.1336969150902014	0.5235128663530695
OTU_97.33601	0.9077873727978449	0.1451643183877822
OTU_97.43338	-0.33384628084290213	0.4327576421251651
OTU_97.16086	-0.8026171424685744	0.6112490855207797
OTU_97.1713	-0.18923265722382343	0.648076053713833
OTU_97.20539	3.2906729480923396	0.32424085960296267
OTU_97.899	-0.914754221707466	-0.05891640856357849
OTU_97.32	-0.08873505380738056	-0.7584319151887549
OTU_97.40223	-0.5901994207202215	-0.13303476944061554
OTU_97.41572	-1.055796931058052	0.7604554258337375
OTU_97.40788	-1.0801068046389846	1.1351144276609775
OTU_97.45194	0.9980041584671717	0.6947258673658716
OTU_97.31516	-1.211539814740303	0.5244320295801508
OTU_97.45181	0.4487641355694505	0.7793931923857089
OTU_97.58	-0.5762326219378728	0.7348785363188144
OTU_97.35103	-0.29104263570892996	1.110835310076749
OTU_97.35082	-0.8446697690783767	0.8087559305181857
OTU_97.41517	-0.5046263435183791	0.5474176965704309
OTU_97.32630	0.011021067828056452	1.1773518286695825
OTU_97.45105	-0.10705036905396259	1.2006730400076258
OTU_97.44480	-0.3664124706088323	1.2408143840780603
OTU_97.44391	-0.8404879072009352	0.23890784010795318
OTU_97.2091	-1.182888815671089	0.6471522115221369
OTU_97.45016	2.042101373404382	0.9833746515264856
OTU_97.35067	-0.11335415628540702	0.21700071543959343
OTU_97.44684	-1.030852387219551	0.9700893126478549
OTU_97.24887	-1.0044131973086623	0.7573904357900973
OTU_97.44919	0.207559694975731	1.0378993116369593
OTU_97.44748	-0.6265240409671096	0.6967750154486048
OTU_97.45379	1.6804273030461054	0.8049567304602023
OTU_97.44367	-0.6402266719638137	0.08616682515052432
OTU_97.45108	-0.5111281373797674	0.49103200063613617
OTU_97.45118	-0.8898089626132277	0.7733221016874667
OTU_97.17711	-0.5346691110430974	0.3192295841923114
OTU_97.18634	-1.002201388150337	-0.1537061668882016
OTU_97.31156	-0.916892836362007	0.4417548142423984
OTU_97.25961	-1.1700027683078078	0.79621582851318
OTU_97.30979	-1.2296922900973586	0.8273042403211948
OTU_97.44264	-0.16059942033875174	0.6823498569479343
OTU_97.24735	-1.0103286006747512	0.776872154330289
OTU_97.25157	-0.17740793016541279	-0.41513944044204987
OTU_97.45020	-0.059434364110114934	0.47333401069549286
OTU_97.44582	-1.4269784190951613	0.6378871761312839
OTU_97.44084	-0.9494426944552687	0.6958158575048792
OTU_97.44279	1.1405888600015315	0.44554072246459686
OTU_97.44337	-0.6769511201678542	0.5769801400652277
OTU_97.35394	0.28252022477996075	0.8939379416456577
OTU_97.8581	1.1123363985420447	1.0913820229521152
OTU_97.24304	-0.8631389835177687	0.6530100069990503
OTU_97.5542	-0.2709975936709661	-0.9718521274575833
OTU_97.1270	2.203549673289178	0.20425401255992615
OTU_97.44524	-0.9903245666323928	1.2798014245977756
OTU_97.16170	-0.13824434068787284	0.10213279352096283
OTU_97.34695	-0.8639016845523146	0.9095593653669711
OTU_97.7106	0.04642098161589914	0.3605595938911792
OTU_97.45	1.9341676733196955	0.7049496136656153
OTU_97.27097	-0.21336741235840506	0.242901496594226
OTU_97.3273	0.17508446189772897	0.8675696812620517
OTU_97.26013	0.14379601690184884	0.8148159943571445
OTU_97.2896	1.2409777394236308	0.9709204994192477
OTU_97.32318	1.2247766307295542	0.7500880919447299
OTU_97.39827	-1.2945276000796584	1.002477761363064
OTU_97.30739	-1.2538510062991408	0.8296241127004977
OTU_97.3936	-1.3372531631289748	0.7694969140043613
OTU_97.3208	-0.7600565650759963	0.7069519721022006
OTU_97.10007	-1.8438471057711867	0.8111556731214877
OTU_97.372	1.1793368099929067	-1.189072910691226
OTU_97.30043	0.016241600245354704	-1.0408170856485013
OTU_97.3706	-0.4695348241626043	-0.2860606647977475
OTU_97.12573	-1.0636130073367385	0.17915904615578615
OTU_97.12543	-1.1170910098849562	-0.09508878364654816
OTU_97.41909	-0.6565066078006057	-0.062394339586222536
OTU_97.609	0.8804899952114793	0.1394752115061637
OTU_97.1246	0.3278406164349299	-0.006823990488971532
OTU_97.10823	-1.0997758605777053	-0.22299072518440521
OTU_97.16133	1.5339863798321458	0.0933241657963153
OTU_97.130	1.0792627534569483	0.5954239033213007
OTU_97.5211	0.7057452103794795	-0.003043789411509401
OTU_97.14750	-0.7395361163913039	-0.39348823204132355
OTU_97.828	-0.981207440167549	0.9941449128141757
OTU_97.16375	-0.6247916915713576	0.33871106431392306
OTU_97.15856	-0.9009185531436232	0.45034727082160675
OTU_97.44718	0.16260497781645977	0.011373978113208949
OTU_97.15	1.7383860847653132	0.49604007229713165
OTU_97.42022	1.0384556478561144	0.4367929659834262
OTU_97.41606	1.0223926952780467	0.6192948482981073
OTU_97.10006	2.658637096613763	0.11978238821533882
OTU_97.25261	0.366098751753686	0.3044774420609828
OTU_97.31446	0.5311270854176264	0.03497196361926669
OTU_97.14439	-1.1512077548800734	1.346484597777402
OTU_97.3479	1.3985704383553248	0.16691694595423812
OTU_97.2114	-1.6211946704684523	0.03030874953178042
OTU_97.13955	-1.428796837597969	0.3904334120502817
OTU_97.40948	2.0515980026425105	0.08632272854951584
OTU_97.2820	-0.2865126827060003	0.4542078338613864
OTU_97.28345	-0.017091105252386996	0.6440229080667841
OTU_97.14891	2.521445443362114	0.16060693003741466
OTU_97.34450	1.2709545246065836	-0.03982295467945374
OTU_97.41422	3.2831370136440974	0.29893356934693927
OTU_97.3744	0.8076159557999354	0.2679883875003215
OTU_97.30075	0.42595957729232037	0.5096609257212039
OTU_97.30306	-0.3597092130481023	0.3828965537300455
OTU_97.41453	2.6110380193890315	0.6244132779589044
OTU_97.640	0.11284213277709298	0.6253199838152286
OTU_97.26859	0.4443901679218989	0.7379589639654514
OTU_97.41127	0.5202782652081233	1.079578932379757
OTU_97.42031	1.0960199176074248	0.5107552968016016
OTU_97.23436	0.2127612731159907	0.4828641675463077
OTU_97.24517	1.5931885740460139	-0.6290339864740018
OTU_97.35185	2.1014469763935786	0.39336271212009066
OTU_97.4212	-0.13165302065003193	-0.10257363691421872
OTU_97.18576	-0.14843709257233417	0.6294265352239963
OTU_97.42236	1.6722162267864924	0.148662727331196
OTU_97.1590	-0.2714439132510442	0.7173576913824427
OTU_97.844	-0.7102379300891188	-1.1408855356225613
OTU_97.2742	-1.0594936111270217	-0.10979897155853635
OTU_97.190	2.382108618945	-1.0776830352792386
OTU_97.30774	-0.5184339978991765	-1.1294799484262112
OTU_97.25316	0.022500922411797575	-1.241700593377078
OTU_97.42390	1.4024094245136958	0.5642301403036472
OTU_97.13388	2.2302911779583674	-0.13478732481094635
OTU_97.7748	2.078848709792015	1.0647340975752222
OTU_97.13114	-0.17909843710053153	0.25298983976749145
OTU_97.3998	0.4565063616932612	-0.2237769700536374
OTU_97.8800	0.28352343055617535	0.4437856636991855
OTU_97.9004	1.0324667370618563	-0.05146825685593015
OTU_97.29540	0.9913462749422761	0.4240804724445697
OTU_97.44394	0.27767418834578805	0.50261175260452
OTU_97.40978	2.3335167667568895	0.8348773680677768
OTU_97.1211	0.24939893695723825	0.5519188009252902
OTU_97.20234	-0.09743041780579276	0.3826237581720706
OTU_97.29966	0.1282854578198176	0.04877869412807101
OTU_97.32050	-0.22130257871735282	0.25188270584253036
OTU_97.45106	0.8406267664135667	0.3046330101838457
OTU_97.220	-0.48203356054413504	0.5117958150854465
OTU_97.35136	-0.9144683578311232	0.17758912174535357
OTU_97.33789	-1.3553252914248732	1.1449912153234827
OTU_97.9991	0.7413938841522913	0.9887620173445102
OTU_97.34345	-1.4804459312258986	0.8689756952276584
OTU_97.35009	-0.03173548963654227	0.5808059237947818
OTU_97.7666	-0.3177592256366042	0.37158891186622345
OTU_97.109	2.396206071108697	0.41651945934203827
OTU_97.35040	-1.014879772931221	1.1302998028745996
OTU_97.10649	-0.06643814828980155	0.46333011612800323
OTU_97.1697	-0.10678965833771414	-1.6357960142144803
OTU_97.45279	-1.1641963222323684	0.2076324652930852
OTU_97.10672	-0.5155525901614446	-0.005951259280170262
OTU_97.26091	1.6670375368298274	-0.6978939808854712
OTU_97.806	-1.1500232913790969	1.2872535549154636
OTU_97.41593	0.17493747684371197	0.028508152817760646
OTU_97.44798	1.094162491589902	-1.3256983198175076
OTU_97.10732	-0.028922746449591585	-1.471004907036746
OTU_97.25839	-0.3470522859393377	-0.29284024610611237
OTU_97.248	-0.5780323245822219	-1.0414157547006253
OTU_97.37368	-0.024539897709967562	-1.563619915390933
OTU_97.9740	-0.8336226442157058	-0.1919003464231146
OTU_97.124	0.2245046994389277	-0.40936947240921295
OTU_97.44993	0.4841267964543077	-0.525417450810397
OTU_97.11377	-0.941543886929634	0.018465157603299254
OTU_97.179	0.6418526074589472	-0.23408612980934507
OTU_97.357	1.2663402012289735	-0.03808235004040128
OTU_97.21733	0.03947060319793039	-0.43023205175491697
OTU_97.38934	1.8050725362004023	-0.39480919017883664
OTU_97.28918	0.4568310877979975	-0.42973417415710724
OTU_97.40372	2.0725580355824214	-2.6232015527734402
OTU_97.29804	0.16992979261290841	-0.2518377937326086
OTU_97.39002	-0.46872718122589774	-1.012788478280032
OTU_97.40634	0.08417802068602853	-0.6263448633203152
OTU_97.36166	0.9925860962570878	-0.3201161064157141
OTU_97.32349	-0.4371662833987493	-0.807524327183688
OTU_97.39904	1.4242206117809992	-0.9822607673654202
OTU_97.39982	0.7187527916134577	-0.9956200756082181
OTU_97.40699	-0.2592347362338323	-0.8121758140573148
OTU_97.33787	-0.29125220563996024	-0.10952005162330991
OTU_97.38135	0.09799032422911935	-1.3348944820413235
OTU_97.40468	1.0654444596470567	-2.025554124260867
OTU_97.43339	-0.8734071948825148	-1.9723555482873563
OTU_97.40650	0.7340441546143266	-1.9880840219506863
OTU_97.35359	0.04882185670745187	-2.3926042951593045
OTU_97.35833	0.4876110455692988	-2.2211002744683865
OTU_97.43214	0.24332105132949167	-1.4579791463861111
OTU_97.37857	0.6254288456143122	-2.1173402704248074
OTU_97.40495	1.4928319654167863	-1.3702250160226468
OTU_97.36017	0.9540786794127207	-0.15447643771263486
OTU_97.38234	2.6431462070645075	-0.7749863304147375
OTU_97.37463	0.5155755779446345	0.02847958729175204
OTU_97.31918	-0.9593775966464309	-0.39644402637573606
OTU_97.35223	-0.02239579942810721	-0.6554471291551245
OTU_97.44019	0.06397228452574932	0.1574719753166791
OTU_97.23888	0.6558886072338801	-1.9377488531121854
OTU_97.25786	0.22588758680236154	-2.8570045866021756
OTU_97.38086	1.8778128525913926	-0.8788387216577185
OTU_97.36435	-0.10716469076264179	-1.6424647010812405
OTU_97.31134	-0.01428110387909598	0.32029035315421783
OTU_97.61	0.7477853498162013	0.4620358608713504
OTU_97.43983	-0.514078090458991	0.244188539688861
OTU_97.32763	0.5818406245411616	0.04566672072318667
OTU_97.14144	-0.8018769719897536	0.17999039078635537
OTU_97.39091	0.09878938409697824	-0.02283037080856687
OTU_97.39246	-0.8552764156161574	0.3057257793894159
OTU_97.25599	-1.7782009342013625	0.8505809269895908
OTU_97.36283	-0.6446541049777297	0.590665575121915
OTU_97.28854	0.1188691160382005	-0.3911880887994412
OTU_97.25301	0.008074333399651579	0.13204142451790535
OTU_97.3293	-1.3259964683352736	0.7901430092802402
OTU_97.28814	-0.57077760484803	0.2037163097461807
OTU_97.43679	-0.18083901193726337	1.209722336386716
OTU_97.36599	-0.8698547580539016	1.0667242370596286
OTU_97.43803	0.5329041979016038	-1.1797038949975613
OTU_97.25967	0.17124562475096994	0.4162192754497882
OTU_97.91	-0.19321985033142752	1.0143943391790735
OTU_97.43994	-1.2479727962313918	1.1469794474592563
OTU_97.27549	-1.1133678653537062	0.7662184797277805
OTU_97.8629	-1.7448127963839797	0.8156112991323825
OTU_97.40126	0.4271410009564143	0.8555301986685144
OTU_97.486	0.5167331597508174	1.150318440054929
OTU_97.3872	-0.8972008922396926	0.6865468584051477
OTU_97.24192	-0.5135955312548894	0.9755929075231906
OTU_97.29574	-1.0754788616000441	0.2667157016744959
OTU_97.21261	0.4863344332874995	1.1535441242208826
OTU_97.16190	-0.24681658533203876	0.9768555127134677
OTU_97.84	1.012738247841714	1.1457706056585666
OTU_97.13384	-1.3704798915683059	1.0705970488539087
OTU_97.8646	-1.2743972041903762	1.0846792422285425
OTU_97.43726	-1.0226910808383254	0.6351437233438846
OTU_97.42	-1.3618288734256057	1.2448561750402805
OTU_97.21683	0.021199633807061247	-0.2807631827840451
OTU_97.200	0.0637243292034837	1.1086891852369662
OTU_97.40245	-1.701799938946846	0.9692112170210239
OTU_97.263	1.0613184398711901	-1.6742352880487088
OTU_97.257	-0.08296949651825702	0.13024677709249222
OTU_97.634	-0.7794100740252761	-0.11401135101410276
OTU_97.377	-0.35943980005371756	-1.009185019875491
OTU_97.4084	-0.2025316455661077	-1.4500009454736356
OTU_97.21293	-0.09480888631928153	-0.9197291769036893
OTU_97.333	-0.013830611973883578	-1.3523832000741605
OTU_97.43204	-1.1947391727267531	-1.6022456325540189
OTU_97.148	-0.9261122443972853	-0.320622984314884
OTU_97.591	-1.3435536125003127	0.1876852889595675
OTU_97.5441	-0.4285552003680486	-0.8609828390130643
OTU_97.35061	-0.8200841644107131	-0.7905394472131375
OTU_97.27684	-0.72820849207032	-1.6932167448053006
OTU_97.105	1.0669671571553927	0.9131897054663058
OTU_97.235	0.1004606983364793	0.9996943436613437
OTU_97.41990	-0.6469257571994094	1.0218908153524753
OTU_97.27695	-1.0883243778048781	0.47753193602470123
OTU_97.37245	-0.1691466071902532	0.4443681798925754
OTU_97.8474	-0.8685074546633986	0.5848907493105289
OTU_97.18688	0.47162406656157785	-0.022390250111545384
OTU_97.36382	0.37968408080947214	0.5537042878618585
OTU_97.135	0.6099807522000056	0.40334297344592773
OTU_97.27963	1.1739033679218274	-0.43775272741409577
OTU_97.267	-0.08939332750427909	0.38165077195075625
OTU_97.444	1.851364841193078	-0.7298333086022986
OTU_97.2252	1.8343711397351008	0.5020776651850101
OTU_97.28049	0.9958838871420603	0.7107720933904993
OTU_97.16262	-0.2142130830584783	-0.6532715596208227
OTU_97.7976	-1.5097659328280715	0.19520480558780395
OTU_97.11822	0.052324464053032926	-0.5510644949922208
OTU_97.14273	-0.8013580539523391	0.660146560524975
OTU_97.4233	-0.2946550348101873	0.8576024137487765
OTU_97.13173	-0.5984023311435003	0.6789551638117182
OTU_97.846	0.003058364123223356	0.4495970569601413
OTU_97.74	0.917622034877656	0.6874420605650302
OTU_97.14283	0.30414407464873605	0.7260624729147311
OTU_97.492	-0.7725758054553298	0.21456484869626724
OTU_97.3176	1.058220235139249	0.6672100685587283
OTU_97.34117	-1.4352811076937941	0.26740380004552566
OTU_97.30485	-0.6741070249377517	0.0707993023147937
OTU_97.2734	-1.8076630332766799	1.2088378034582492
OTU_97.36127	0.052799751490471	0.02306009457019531
OTU_97.18000	1.0442853024901133	-0.5627723969468716
OTU_97.26534	0.3481054804028254	0.39235011861232394
OTU_97.648	-0.4564306237994451	0.8969903551092502
OTU_97.19815	-0.5468459823428411	1.0795095525732394
OTU_97.398	-0.5116620757876653	0.7153789363851901
OTU_97.17643	-0.22479362276184833	0.7923874221792575
OTU_97.11876	-0.9676531055270461	0.7572632394781467
OTU_97.27101	-0.7126154401599196	0.017256002878224486
OTU_97.315	0.4348931810559016	0.025783773516690367
OTU_97.31355	-0.7570226886569289	0.3526518754711505
OTU_97.11451	0.30915408346068673	1.1273725591650354
OTU_97.37554	-1.4019864299594191	0.5035614930143701
OTU_97.4505	-0.7568373182116774	-0.2364492751607541
OTU_97.44996	-0.28444428232300467	0.3176973871937152
OTU_97.2012	-0.9660657146273879	0.636778708552395
OTU_97.6838	-0.0976887443362493	0.27559417859224045
OTU_97.18589	-0.12125105646240897	0.9106582365980502
OTU_97.2367	-0.5222140052615423	0.27154554054645175
OTU_97.36271	0.9179804227055293	0.5648236237516757
OTU_97.31226	-1.1600340106784133	0.30933159217742556
OTU_97.36451	1.1514666878824364	-0.27097323908897764
OTU_97.11945	0.25265466186415875	0.34342960641292297
OTU_97.44972	-0.4901232221423406	-0.19654769077392853
OTU_97.12914	-1.8566430309115676	0.9056814275732394
OTU_97.9537	-0.9905906417666701	0.3737809769859668
OTU_97.18898	0.4999866387547236	0.05984893814233505
OTU_97.15320	0.6164107224644404	0.03509226069358551
OTU_97.27973	-1.0267475345431594	0.41537020728496277
OTU_97.22635	-0.2550262906848211	-0.81428277864548
OTU_97.24	1.6662894389332514	0.26993458346036636
OTU_97.33354	0.978678097456811	0.46216222271827423
OTU_97.39489	1.831636180609581	0.43790068850425445
OTU_97.13603	0.15388857337844186	0.21416015178469294
OTU_97.37954	3.0359573862255793	0.21086880192664825
OTU_97.36238	1.205418461442111	-0.2188342846879614
OTU_97.17779	-0.0933562019168157	0.44653746113685244
OTU_97.34047	-0.007927129536749788	0.1481819227388259
OTU_97.4869	-1.2761841514407424	1.002128239726102
OTU_97.23668	-0.5694391229449538	0.5718930624475833
OTU_97.41394	0.9000042727888804	0.23966455832627975
OTU_97.23524	-0.08050770547974384	1.074558373545682
OTU_97.3522	-0.6034883954821844	0.5150342248430606
OTU_97.35354	2.445218612879632	0.6411309801092493
OTU_97.1267	-0.1788693168460158	0.7786064110746738
OTU_97.34808	0.5681961080731135	0.586518641566312
OTU_97.972	0.27361242982756906	0.7140749059667932
OTU_97.32238	1.570366730421899	0.43174679205325717
OTU_97.14773	0.6681111952961665	0.16286885366347992
OTU_97.762	-0.6703803041278151	-0.04719491674991971
OTU_97.6228	-0.45565862444031424	0.4988471232405063
OTU_97.24133	-0.2317364909945745	-0.41324204578491486
OTU_97.40059	1.7765253088177424	-0.06950626149269379
OTU_97.36035	2.073903550833581	0.20677340403703415
OTU_97.8957	-0.9891577461062697	-0.14405256881805784
OTU_97.35214	1.1513897776344102	0.4240279607525217
OTU_97.36092	0.4658355018795701	0.38352496549991244
OTU_97.34754	-0.1245512464343328	0.435882028197323
OTU_97.33061	-1.141574690610054	1.2935841642370578
OTU_97.24923	-1.1543789604007033	-0.5793854035386685
OTU_97.31802	-1.4427729347049025	-0.6422244943627957
OTU_97.43881	-0.888382265835884	-0.21520021929832733
OTU_97.39066	-0.40547628191101737	-0.578468684102023
OTU_97.4153	-0.7582060792742995	-0.34540415182205564
OTU_97.38869	-0.5568149783908147	0.18267339549997264
OTU_97.43346	-1.1120343902407912	0.6732746027460443
OTU_97.265	0.06914620611083322	0.5258385203829157
OTU_97.11962	-1.0487564304171828	0.6904405914297449
OTU_97.446	-0.05470294740784354	0.873891767119443
OTU_97.6911	-1.0976258018313674	0.76468211040405
OTU_97.7667	-0.821845720082405	0.6332111321440097
OTU_97.18294	-0.5641257264910964	0.11048683152106964
OTU_97.38220	-0.6676290729342726	0.8293942771902438
OTU_97.204	1.9558247229756098	0.5081703923693048
OTU_97.20737	-1.1001876094638137	0.9217635355940219
OTU_97.5752	-0.8605263927279738	-0.027374837542498476
OTU_97.218	-0.6221189000903395	0.7977332435598727
OTU_97.13523	-0.10977728155243671	-0.06853899731727964
OTU_97.15851	-0.195735166340949	0.9654893837919589
OTU_97.26233	-0.9328978755770949	0.40294165537265414
OTU_97.13266	0.02829234811675363	0.20771708339956874
OTU_97.5008	-0.35156221178162284	0.754640217875516
OTU_97.12589	0.6841210922898027	0.4375235401144373
OTU_97.36228	0.660888334244607	0.6055862270346042
OTU_97.20548	0.24005352470290475	0.6425453387251254
OTU_97.95	0.8490075967015009	0.4088161103477823
OTU_97.20692	-0.18524248388397968	-0.048761922861063844
OTU_97.22113	0.4543618461788874	0.28305817768481933
OTU_97.16071	-1.117200920849922	0.18113582087020763
OTU_97.38738	-0.4538558223544378	0.5027319155683871
OTU_97.20031	0.9956412813366633	-1.013001028443301
OTU_97.8703	-0.23577732828247733	-0.011466119433368505
OTU_97.24031	-0.9909697273074416	0.11318353191522323
OTU_97.40084	1.8943489095867854	0.28303338215259277
OTU_97.8545	-1.3504439094363478	0.10631289706138336
OTU_97.37901	1.8401408693493586	0.19564385153857344
OTU_97.24659	1.4479539296330195	0.43506764993575775
OTU_97.1043	-0.49184102800476737	0.5139420293321955
OTU_97.11308	-0.3285732963382024	0.06093124673274719
OTU_97.38864	-0.378882000714424	-0.16508958115669614
OTU_97.2092	0.4482123753727647	0.30126893893388385
OTU_97.29	1.6207725307644587	0.6430512033453342
OTU_97.426	-0.31951362875092304	0.13187978417185509
OTU_97.35552	2.3587388298214647	0.27126163617280685
OTU_97.11180	-0.4555432298480291	0.3795771710625049
OTU_97.31214	1.4791219732464533	0.6953598223677036
OTU_97.4165	-0.46250636365997977	0.05931504443792068
OTU_97.32128	0.06972496721160226	0.018062140797649562
OTU_97.33307	-0.21326405790436453	0.09586137161163055
OTU_97.37685	0.9783744713963252	0.6564695201864597
OTU_97.38169	0.41756438228499704	0.3822033666124698
OTU_97.19838	-0.6423814990817336	-0.02772096171470917
OTU_97.6687	-0.23704106596100516	-0.5062402524003629
OTU_97.9324	0.06497221204650216	-0.19855532422157562
OTU_97.10682	-0.5583120086489934	0.2063072808137285
OTU_97.20774	0.07121687147033029	0.3918710611811038
OTU_97.1964	-1.6839752891360549	1.1160671077719089
OTU_97.659	-0.7372185685931472	0.020286004995381468
OTU_97.1164	-1.5677567222415236	0.8138099275579807
OTU_97.2185	-0.6070736148654241	0.8799180947294589
OTU_97.23839	-0.23915405061829276	-0.6978753246316556
OTU_97.4392	0.368945409983513	-0.32307786121460236
OTU_97.10594	-0.7743185260592726	-0.15736210718246735
OTU_97.1203	-1.0693886974154738	-0.4426252283105496
OTU_97.12613	0.5172665021122675	-0.6795703805932654
OTU_97.3586	0.42808442327391916	0.7188578806867945
OTU_97.181	0.4958062073887568	0.728687282656705
OTU_97.6496	-1.0476756789981154	1.2884523235311853
OTU_97.935	0.5446900627316209	-1.1094792522439603
OTU_97.31364	-1.4942179420291213	1.1561610661497461
OTU_97.443	-0.21907777574646659	-0.32335836067291535
OTU_97.24731	-0.9949813583194045	-0.09919971599670685
OTU_97.30257	-0.5094115236102361	0.7173261009207117
OTU_97.5265	-0.17422981050598807	-1.4109771884927396
OTU_97.34828	0.297745218008874	0.07116860524324142
OTU_97.11854	-0.8974838950930861	0.37873050198463165
OTU_97.25225	1.9376912615002375	-0.015478868032420046
OTU_97.44627	-0.31160743024933524	0.029001425956760585
OTU_97.6403	-0.4266679981051702	-0.05948159470650083
OTU_97.34263	-1.4282179572879103	0.27805757895616257
OTU_97.102	0.0827311775387507	0.46410247311500274
OTU_97.44145	1.3418185016812068	0.09003008530048096
OTU_97.136	1.6089293858708125	-2.4344415105828885
OTU_97.43368	-1.0812657573519973	0.019867654894864195
OTU_97.9309	-1.5986619689761428	0.3331204764595386
OTU_97.25119	0.9019814780653697	-0.48768335952850617
OTU_97.45303	0.8820113143624049	0.7639974914541598
OTU_97.42444	-0.8325288989840773	-0.14300990476700193
OTU_97.42404	-0.8380408981143264	0.7295878492346155
OTU_97.43093	0.1636969945133906	0.6004798375120517
OTU_97.44423	-0.7152633168994216	1.2956251464834558
OTU_97.45036	-1.4927089908419875	1.0251256190290805
OTU_97.42805	-0.04648179796326346	0.05387153849509829
OTU_97.45412	-1.0116794803439406	-0.26712340488525754
OTU_97.42229	-0.5296292999087591	-0.5424674786576871
OTU_97.44820	0.22696875545394235	0.2725098095884677
OTU_97.1469	-1.0992391803561476	-0.468797270203555
OTU_97.45196	-1.1146741607486037	0.5835672281732904
OTU_97.45297	0.5845789215267869	-0.2306482531079892
OTU_97.45328	0.6716586849392634	-1.5386475957879666
OTU_97.42948	-0.18842942503082938	-0.7650350965509061
OTU_97.44944	0.3276368877590876	0.3739296160688754
OTU_97.34236	-0.487167666226509	-0.5798020400056485
OTU_97.42938	0.1569743654431086	-0.2464979924211148
OTU_97.43386	-0.6344267823992995	-0.8418524898538235
OTU_97.43098	0.8874787292183619	-0.4107862152108792
OTU_97.44406	-0.2845171191989202	-0.13411021604629791
OTU_97.6879	-0.9166541793643264	-0.08653664960953122
OTU_97.24898	0.055880953997490934	-0.16124493255707062
OTU_97.30856	0.4979233643711787	0.43452414498237335
OTU_97.45053	0.7876843115986558	0.12984517589715683
OTU_97.44157	0.9454906782807093	-0.16086468472572601
OTU_97.45372	0.05089347574126535	0.6639869473924982
OTU_97.43072	0.4217919013203364	-0.25337210669609345
OTU_97.44665	0.20454441520583444	0.04196437821296328
OTU_97.44941	2.8996814987362596	0.30546751991418475
OTU_97.45433	-0.6237425306140212	0.6470307372560846
OTU_97.45277	-0.0643567540942458	0.9384175501814234
OTU_97.45058	-0.30458206918823905	0.22831519321111404
OTU_97.45337	-0.08362407472717948	-0.27200961485000885
OTU_97.44958	2.2093136808575364	0.3071875385990488
OTU_97.45148	1.6561886570156794	-0.503716234112705
OTU_97.44935	0.01372473451506906	-0.25978657975288666
OTU_97.44851	2.7845248481930476	0.2797156088104602
OTU_97.42989	-0.8680830695925978	0.3831120394220706
OTU_97.45310	0.10766284677398019	0.13303913921621913
OTU_97.13370	-0.7160006263552932	0.26161248609927856
OTU_97.33792	-0.7042051055728225	0.3835207186689722
OTU_97.42820	-0.8486357429324416	0.3589600138416644
OTU_97.42628	0.3581651351155024	0.4262869022837039
OTU_97.42905	-0.14484829691040702	0.9991505704870578
OTU_97.2131	0.17117928478133493	0.28995974734929764
OTU_97.42626	1.6025894782246333	-0.03069879486652649
OTU_97.43057	-0.8381849029361037	0.46145301685241424
OTU_97.26118	-0.19488401201355643	-0.5081051029214505
OTU_97.27701	-0.2524893977938909	0.5419140718927737
OTU_97.41849	-0.7281214692889479	0.42629244551566803
OTU_97.42589	-1.1652773120700148	0.6609955988874789
OTU_97.23693	0.11942332002532297	0.22295918316153251
OTU_97.31818	-0.6398064592181472	0.6349904499998447
OTU_97.13654	0.9955972633064967	-0.2192956544408453
OTU_97.43046	-0.2709414460955877	0.6877658926000949
OTU_97.42663	-0.36738891389954276	0.7842456065168735
OTU_97.42864	3.460564067095635	0.11635891721156799
OTU_97.42662	0.013222386568901179	0.6308563314428675
OTU_97.27801	-0.07907552507507987	-0.1560896672258023
OTU_97.42838	1.2057375735343667	0.2546214424124118
OTU_97.42152	-1.5427406528292922	0.9272252284040796
OTU_97.43049	1.738284756869195	0.22770442069080943
OTU_97.41732	-0.820510099202278	0.7090341411581393
OTU_97.245	-0.7614528634845046	0.28567373380569094
OTU_97.1569	-0.1478768089114446	-0.335707429791416
OTU_97.1049	-0.8211816051303176	0.30946527049449646
OTU_97.34106	-0.9291856983004836	0.1554657332649585
OTU_97.1123	0.4780801436604243	-1.511250916863406
OTU_97.1455	-0.7881468036471633	-1.1772876419076566
OTU_97.7061	-0.7402671077548293	-1.6678304113397244
OTU_97.19062	-0.18350250509369648	-0.9554142393121365
OTU_97.34596	-1.011063168316963	0.014939066027676695
OTU_97.31259	-0.7486319043933181	-1.092685643578494
OTU_97.126	0.8881967565716486	-1.2457062639245633
OTU_97.6753	0.06426077100646221	-1.1813049949655179
OTU_97.40742	0.43971913072478586	-0.19167477264496124
OTU_97.20832	-0.477989862233283	-0.3819347657212866
OTU_97.1691	-0.3975190618335027	-0.4350228346833829
OTU_97.5996	-0.5795596339999465	0.8855433426847812
OTU_97.20129	-0.6755781867800978	-1.163364592934573
OTU_97.42902	0.06977908822905832	-1.0164844430932645
OTU_97.34484	-1.215838024884346	-0.13064831867309845
OTU_97.15026	-0.16561980035889334	-0.14283478632065094
OTU_97.16527	-1.0116976001559523	0.3918674998035776
OTU_97.98	0.9769838801325541	0.2513902075639125
OTU_97.2639	-0.7801526286898879	-1.7325993217477444
OTU_97.307	-0.6280897357760695	-1.844542685891116
OTU_97.36484	-0.5738733508883742	-1.4946362413415555
OTU_97.2769	-0.6141620376406927	-2.016711417580569
OTU_97.18261	-0.5461035468875197	-1.9955186285028104
OTU_97.33295	0.41988610240828805	-2.1368622221002225
OTU_97.75	0.005619814127800993	-1.72382468357178
OTU_97.9	-0.8812237479983596	0.6514035724153873
OTU_97.39819	0.39395605537307077	-0.5811961926469458
OTU_97.30551	-0.6520415046511916	0.7771333418836948
OTU_97.13272	-1.1992383697329787	0.7271243296614038
OTU_97.36154	0.9687596163452836	1.0108489356985446
OTU_97.37383	-0.16394324091065116	0.7509661279669162
OTU_97.37856	-0.7547875144778518	0.5637037418833124
OTU_97.10439	0.6290675303639155	-0.2204917408475522
OTU_97.14286	-0.834162066250923	-1.457934085274661
OTU_97.157	-0.8882172801791457	0.811865206812894
OTU_97.8334	0.8323521218003016	0.3733532987585422
OTU_97.22389	0.9780767461956712	0.21960741282013618
OTU_97.116	0.6948225698174211	0.08072299883273804
OTU_97.17317	-0.4426279762088079	0.1330532208135482
OTU_97.20	1.3500627926291209	0.0695243366113063
OTU_97.37770	-0.5236561992465276	-0.3951737917909268
OTU_97.44427	0.4527274868191462	0.7793142162313815
OTU_97.28595	-0.9256993034182814	0.3992195986261713
OTU_97.18767	-0.7203872897921828	0.7859429083814966
OTU_97.42422	0.6692354879082423	0.7559826932897922
OTU_97.2732	-1.091002533703926	0.7276362739553806
OTU_97.2074	-0.5121010043917922	0.3563423715582248
OTU_97.44693	-0.44311709192383564	0.852667745207822
OTU_97.13867	-0.5003391006289739	-0.35672539844604856
OTU_97.31407	0.6599788865746241	0.3293863646736499
OTU_97.34616	0.2580228945912104	0.10226192698386871
OTU_97.44594	1.989280154436944	0.4953535758009311
OTU_97.36286	1.4098146459759455	-0.3649885095605496
OTU_97.34920	0.47322164985549175	-0.014758054161990053
OTU_97.33966	1.6738001606167527	-0.35367101802917755
OTU_97.42321	-1.265316555768135	0.9453676305761691
OTU_97.44315	-0.3583893277941961	0.6156875155916559
OTU_97.44905	-0.46069760110962577	0.8487424217214938
OTU_97.45122	1.27432701501262	-0.32148707285019285
OTU_97.34759	1.292978396147606	-0.18168613686653412
OTU_97.42384	-1.0231650569735793	0.06690010801461899
OTU_97.44564	2.7527484199703904	-0.6267688907632474
OTU_97.42502	0.40701155874144845	0.07456905022767746
OTU_97.45246	4.158375670641778	0.6206463538160669
OTU_97.45250	-0.6373190381823806	0.43544119224456423
OTU_97.44833	1.0167951783837053	0.46360572800544464
OTU_97.44380	-0.9084242084323195	0.10826573893932068
OTU_97.45223	-0.09832949426758475	0.7148712836256372
OTU_97.44629	0.41992562028777414	0.24611903355029696
OTU_97.44294	-0.8454554775058059	0.899792190646207
OTU_97.45429	1.2197856954039308	0.675983037804639
OTU_97.44375	0.24602775785338693	0.22398814932016098
OTU_97.45365	1.2924570045174333	2.3514750562658664
OTU_97.45307	-0.19473261621582783	0.7193419896116611
